CustomerID,Age,Gender,MaritalStatus,IncomeLevel,TotalSpent,NumTransactions,NumInteractions,UnresolvedCount,LastLoginDate,LoginFrequency,ServiceUsage,ChurnStatus,Churn,AgeGroup,DemoCluster
1,62,M,Single,Low,416.5,1,1.0,0.0,2023-10-21,34,Mobile App,0,Not Churned,60+,1
2,65,M,Married,Low,1547.4199999999998,7,1.0,0.0,2023-12-05,5,Website,1,Churned,60+,4
3,18,M,Single,Low,1702.98,6,1.0,0.0,2023-11-15,3,Website,0,Not Churned,<30,1
4,21,M,Widowed,Low,917.29,5,2.0,1.0,2023-08-25,2,Website,0,Not Churned,<30,5
5,21,M,Divorced,Medium,2001.49,8,0.0,0.0,2023-10-27,41,Website,0,Not Churned,<30,6
6,57,F,Divorced,Medium,1164.29,5,1.0,0.0,2023-09-17,2,Website,0,Not Churned,50-60,3
7,27,F,Married,High,86.73,1,0.0,0.0,2023-01-07,32,Mobile App,0,Not Churned,<30,0
8,37,M,Single,Low,2046.88,7,2.0,2.0,2023-04-22,17,Online Banking,1,Churned,30-40,1
9,39,M,Divorced,High,1317.24,5,1.0,0.0,2023-06-27,24,Website,0,Not Churned,30-40,6
10,68,M,Married,High,1397.36,7,0.0,0.0,2023-01-13,29,Online Banking,1,Churned,60+,4
11,54,M,Divorced,Medium,1733.83,5,2.0,1.0,2023-01-22,30,Online Banking,0,Not Churned,50-60,6
12,41,F,Married,Low,87.1,1,2.0,1.0,2023-12-31,43,Website,0,Not Churned,40-50,0
13,24,F,Divorced,Low,392.02,3,1.0,0.0,2023-07-05,10,Mobile App,0,Not Churned,<30,3
14,42,M,Widowed,Medium,2843.59,9,2.0,1.0,2023-01-10,26,Online Banking,0,Not Churned,40-50,5
15,42,M,Divorced,Medium,1914.02,8,2.0,2.0,2023-06-15,44,Online Banking,0,Not Churned,40-50,6
16,30,F,Single,Medium,2019.79,9,2.0,0.0,2023-03-15,41,Online Banking,1,Churned,<30,7
17,19,M,Married,Low,1625.27,7,2.0,1.0,2023-09-03,8,Online Banking,0,Not Churned,<30,4
18,56,F,Married,High,951.38,5,1.0,1.0,2023-11-24,37,Website,1,Churned,50-60,0
19,57,F,Divorced,High,1017.26,5,2.0,2.0,2023-03-08,39,Online Banking,0,Not Churned,50-60,3
20,41,M,Single,Low,2775.85,9,1.0,0.0,2023-08-15,16,Website,0,Not Churned,40-50,1
21,64,M,Divorced,High,913.02,5,0.0,0.0,2023-06-16,18,Website,0,Not Churned,60+,6
22,42,F,Divorced,Low,1582.73,6,2.0,0.0,2023-05-06,42,Mobile App,0,Not Churned,40-50,3
23,35,F,Divorced,Low,1490.74,4,2.0,1.0,2023-07-07,19,Mobile App,0,Not Churned,30-40,3
24,55,M,Widowed,Medium,1143.22,5,1.0,0.0,2023-10-04,12,Mobile App,0,Not Churned,50-60,5
25,43,F,Married,Low,764.77,3,1.0,0.0,2023-02-15,27,Mobile App,0,Not Churned,40-50,0
26,31,M,Single,Medium,571.76,3,1.0,0.0,2023-09-29,45,Mobile App,1,Churned,30-40,1
27,26,M,Widowed,Medium,2210.6,8,1.0,1.0,2023-10-01,22,Mobile App,0,Not Churned,<30,5
28,27,F,Widowed,High,1702.26,6,2.0,2.0,2023-10-26,42,Online Banking,0,Not Churned,<30,2
29,38,F,Divorced,Medium,853.0699999999999,3,2.0,1.0,2023-09-02,34,Website,0,Not Churned,30-40,3
30,69,M,Divorced,High,706.66,2,2.0,1.0,2023-07-12,38,Website,0,Not Churned,60+,6
31,34,M,Divorced,Low,1108.56,5,2.0,0.0,2023-08-17,23,Online Banking,0,Not Churned,30-40,6
32,69,F,Married,High,1225.52,5,0.0,0.0,2023-01-06,48,Mobile App,0,Not Churned,60+,0
33,23,M,Divorced,High,689.0,2,1.0,0.0,2023-05-19,24,Mobile App,1,Churned,<30,6
34,33,M,Widowed,High,1886.4,9,2.0,1.0,2023-04-03,44,Online Banking,0,Not Churned,30-40,5
35,65,M,Married,Low,779.8399999999999,3,1.0,1.0,2023-05-23,19,Mobile App,0,Not Churned,60+,4
36,18,F,Widowed,Low,1321.5500000000002,6,1.0,0.0,2023-02-11,6,Online Banking,0,Not Churned,<30,2
37,36,F,Married,Medium,3166.88,9,1.0,0.0,2023-08-28,3,Online Banking,0,Not Churned,30-40,0
38,53,F,Married,Low,874.86,3,1.0,0.0,2023-11-27,47,Online Banking,0,Not Churned,50-60,0
39,42,M,Married,Medium,1191.94,5,0.0,0.0,2023-01-20,26,Online Banking,0,Not Churned,40-50,4
40,67,F,Widowed,Low,1578.35,7,1.0,0.0,2023-10-14,20,Website,0,Not Churned,60+,2
41,69,F,Married,High,363.22,2,1.0,1.0,2023-07-04,38,Mobile App,1,Churned,60+,0
42,47,M,Widowed,Medium,530.61,3,0.0,0.0,2023-07-17,10,Mobile App,0,Not Churned,40-50,5
43,37,M,Single,Low,2213.63,7,2.0,1.0,2023-05-25,25,Mobile App,0,Not Churned,30-40,1
44,37,F,Widowed,Low,687.8199999999999,3,1.0,1.0,2023-11-13,35,Mobile App,0,Not Churned,30-40,2
45,32,F,Widowed,Low,300.42,1,1.0,1.0,2023-09-02,49,Online Banking,0,Not Churned,30-40,2
46,57,F,Married,High,134.67,1,0.0,0.0,2023-07-31,24,Online Banking,1,Churned,50-60,0
47,50,F,Married,Medium,1466.37,7,0.0,0.0,2023-04-19,21,Website,0,Not Churned,40-50,0
48,19,M,Divorced,Medium,1597.29,7,0.0,0.0,2023-06-12,34,Website,0,Not Churned,<30,6
49,27,F,Single,Medium,641.48,3,0.0,0.0,2023-02-19,18,Online Banking,0,Not Churned,<30,7
50,50,F,Single,Low,1514.62,4,2.0,2.0,2023-07-15,19,Online Banking,0,Not Churned,40-50,7
51,49,M,Divorced,Medium,549.86,3,0.0,0.0,2023-10-31,3,Mobile App,1,Churned,40-50,6
52,28,M,Widowed,Medium,401.25,1,0.0,0.0,2023-02-16,6,Mobile App,0,Not Churned,<30,5
53,41,F,Widowed,Low,1255.34,7,0.0,0.0,2023-10-02,20,Mobile App,0,Not Churned,40-50,2
54,53,F,Married,Low,461.21,2,2.0,0.0,2023-01-20,22,Online Banking,0,Not Churned,50-60,0
55,29,F,Single,Low,1129.35,5,0.0,0.0,2023-08-18,33,Website,0,Not Churned,<30,7
56,68,F,Married,Low,1443.46,5,0.0,0.0,2023-08-20,14,Mobile App,0,Not Churned,60+,0
57,46,F,Divorced,High,597.75,3,1.0,1.0,2023-07-20,44,Online Banking,0,Not Churned,40-50,3
58,52,M,Single,High,2215.82,6,2.0,2.0,2023-04-17,9,Online Banking,0,Not Churned,50-60,1
59,18,M,Married,Medium,292.51,3,0.0,0.0,2023-12-11,45,Online Banking,0,Not Churned,<30,4
60,18,F,Single,High,781.09,4,2.0,1.0,2023-03-02,25,Mobile App,0,Not Churned,<30,7
61,54,M,Single,Low,678.97,3,1.0,0.0,2023-12-27,47,Website,1,Churned,50-60,1
62,23,F,Married,High,840.0,4,2.0,0.0,2023-08-27,16,Mobile App,0,Not Churned,<30,0
63,56,M,Married,Low,2205.11,9,0.0,0.0,2023-05-26,7,Mobile App,0,Not Churned,50-60,4
64,58,F,Single,High,965.21,3,0.0,0.0,2023-06-03,11,Online Banking,0,Not Churned,50-60,7
65,35,F,Divorced,Low,1359.89,5,0.0,0.0,2023-09-25,27,Mobile App,0,Not Churned,30-40,3
66,33,M,Widowed,Medium,1409.11,8,0.0,0.0,2023-08-17,40,Online Banking,0,Not Churned,30-40,5
67,22,F,Single,Medium,701.76,4,2.0,0.0,2023-07-23,17,Online Banking,0,Not Churned,<30,7
68,59,F,Divorced,High,886.4799999999999,4,2.0,2.0,2023-07-25,5,Website,1,Churned,50-60,3
69,60,F,Single,Low,1038.53,4,1.0,0.0,2023-11-13,29,Mobile App,0,Not Churned,50-60,7
70,49,F,Married,Medium,2453.98,7,0.0,0.0,2023-03-15,10,Mobile App,0,Not Churned,40-50,0
71,19,F,Divorced,Low,474.59,3,2.0,1.0,2023-08-17,47,Online Banking,1,Churned,<30,3
72,19,F,Divorced,High,1080.4,6,2.0,1.0,2023-04-25,25,Online Banking,1,Churned,<30,3
73,57,M,Single,Low,2254.22,9,1.0,0.0,2023-10-27,24,Online Banking,1,Churned,50-60,1
74,59,M,Widowed,Low,2083.79,8,1.0,0.0,2023-02-19,44,Mobile App,0,Not Churned,50-60,5
75,53,F,Single,High,769.97,4,1.0,0.0,2023-06-17,12,Mobile App,1,Churned,50-60,7
76,56,F,Widowed,Medium,883.92,4,2.0,1.0,2023-05-09,5,Website,1,Churned,50-60,2
77,29,M,Divorced,High,1797.06,8,0.0,0.0,2023-10-15,29,Online Banking,0,Not Churned,<30,6
78,64,M,Widowed,Low,816.89,3,1.0,1.0,2023-10-07,35,Mobile App,0,Not Churned,60+,5
79,36,M,Married,High,931.32,3,1.0,0.0,2023-04-20,23,Online Banking,1,Churned,30-40,4
80,45,M,Widowed,High,110.82,1,0.0,0.0,2023-06-09,32,Mobile App,0,Not Churned,40-50,5
81,18,F,Widowed,Low,2181.77,8,0.0,0.0,2023-12-03,40,Website,1,Churned,<30,2
82,32,F,Divorced,High,232.38,1,0.0,0.0,2023-05-08,19,Mobile App,0,Not Churned,30-40,3
83,53,M,Widowed,Medium,1419.9199999999998,6,2.0,2.0,2023-12-31,25,Mobile App,0,Not Churned,50-60,5
84,30,M,Divorced,Medium,1545.91,5,0.0,0.0,2023-11-30,45,Online Banking,0,Not Churned,<30,6
85,60,M,Married,High,1690.08,9,0.0,0.0,2023-08-08,37,Mobile App,0,Not Churned,50-60,4
86,38,M,Married,Low,1674.66,7,0.0,0.0,2023-10-18,1,Website,0,Not Churned,30-40,4
87,29,F,Single,High,1411.84,5,2.0,1.0,2023-11-22,43,Website,0,Not Churned,<30,7
88,22,M,Single,High,447.34,2,0.0,0.0,2023-02-08,13,Online Banking,0,Not Churned,<30,1
89,24,M,Single,Medium,1951.99,7,0.0,0.0,2023-09-06,12,Mobile App,0,Not Churned,<30,1
90,22,M,Married,Medium,1229.96,6,1.0,0.0,2023-05-30,47,Online Banking,0,Not Churned,<30,4
91,65,F,Widowed,Low,1804.74,9,2.0,1.0,2023-02-03,43,Mobile App,0,Not Churned,60+,2
92,21,F,Divorced,Low,2265.28,8,2.0,1.0,2023-07-01,37,Mobile App,0,Not Churned,<30,3
93,30,F,Married,Low,848.07,5,2.0,0.0,2023-10-16,42,Mobile App,0,Not Churned,<30,0
94,54,M,Widowed,High,1113.61,3,0.0,0.0,2023-06-27,41,Website,0,Not Churned,50-60,5
95,58,F,Single,High,677.27,3,1.0,0.0,2023-06-20,12,Online Banking,0,Not Churned,50-60,7
96,32,F,Divorced,High,161.84,1,2.0,2.0,2023-02-27,36,Mobile App,0,Not Churned,30-40,3
97,33,M,Single,High,553.65,2,2.0,0.0,2023-12-20,38,Website,0,Not Churned,30-40,1
98,38,F,Divorced,Low,893.76,5,1.0,0.0,2023-05-23,9,Mobile App,0,Not Churned,30-40,3
99,53,M,Widowed,Low,889.75,5,0.0,0.0,2023-02-10,14,Online Banking,0,Not Churned,50-60,5
100,41,F,Married,Low,1108.56,4,2.0,0.0,2023-06-02,45,Online Banking,1,Churned,40-50,0
101,33,F,Single,High,492.35,1,2.0,1.0,2023-01-15,35,Online Banking,0,Not Churned,30-40,7
102,31,M,Married,High,2029.96,6,2.0,1.0,2023-01-14,32,Online Banking,0,Not Churned,30-40,4
103,39,M,Widowed,Low,2297.73,9,2.0,0.0,2023-04-27,46,Mobile App,0,Not Churned,30-40,5
104,66,F,Widowed,Medium,2666.84,9,2.0,1.0,2023-03-23,3,Online Banking,1,Churned,60+,2
105,67,F,Widowed,Low,1863.6,8,2.0,2.0,2023-12-24,30,Website,0,Not Churned,60+,2
106,23,M,Married,High,875.08,3,2.0,1.0,2023-07-20,49,Mobile App,0,Not Churned,<30,4
107,59,F,Married,High,1542.76,6,0.0,0.0,2023-01-27,7,Online Banking,1,Churned,50-60,0
108,53,M,Divorced,Low,494.31,2,2.0,2.0,2023-03-24,1,Mobile App,1,Churned,50-60,6
109,18,M,Married,Medium,1274.7,6,2.0,2.0,2023-04-28,20,Mobile App,0,Not Churned,<30,4
110,49,M,Married,Medium,723.0,3,2.0,0.0,2023-10-10,25,Website,1,Churned,40-50,4
111,23,F,Widowed,High,613.1800000000001,2,1.0,1.0,2023-06-17,33,Website,1,Churned,<30,2
112,48,F,Divorced,High,750.17,3,1.0,0.0,2023-10-16,35,Website,0,Not Churned,40-50,3
113,18,F,Married,High,1834.01,7,1.0,1.0,2023-04-12,44,Online Banking,0,Not Churned,<30,0
114,67,F,Married,Low,2133.28,8,0.0,0.0,2023-08-02,24,Website,0,Not Churned,60+,0
115,68,F,Widowed,High,653.62,5,0.0,0.0,2023-09-21,14,Mobile App,0,Not Churned,60+,2
116,54,M,Married,High,1504.28,7,1.0,0.0,2023-08-20,39,Mobile App,0,Not Churned,50-60,4
117,52,F,Widowed,High,448.48,2,0.0,0.0,2023-12-25,44,Online Banking,0,Not Churned,50-60,2
118,66,M,Divorced,Medium,1625.39,6,1.0,1.0,2023-10-01,34,Online Banking,0,Not Churned,60+,6
119,47,M,Widowed,Medium,2012.33,8,2.0,0.0,2023-03-29,18,Mobile App,1,Churned,40-50,5
120,21,F,Widowed,High,1168.79,6,2.0,1.0,2023-02-23,2,Online Banking,0,Not Churned,<30,2
121,52,M,Divorced,Medium,1073.01,5,2.0,1.0,2023-09-09,38,Mobile App,0,Not Churned,50-60,6
122,60,F,Single,Medium,2825.52,9,1.0,0.0,2023-06-14,17,Mobile App,1,Churned,50-60,7
123,31,M,Widowed,Medium,938.58,3,2.0,0.0,2023-03-15,23,Mobile App,1,Churned,30-40,5
124,66,M,Married,Medium,2283.88,7,2.0,0.0,2023-02-19,33,Website,0,Not Churned,60+,4
125,57,M,Widowed,Low,744.89,2,0.0,0.0,2023-06-21,28,Online Banking,0,Not Churned,50-60,5
126,39,F,Divorced,Medium,2323.02,9,0.0,0.0,2023-05-14,15,Website,0,Not Churned,30-40,3
127,27,F,Married,Medium,1976.17,8,1.0,0.0,2023-01-18,11,Website,0,Not Churned,<30,0
128,18,F,Divorced,Medium,630.2,2,2.0,1.0,2023-07-07,23,Website,1,Churned,<30,3
129,28,F,Widowed,Medium,243.55,2,1.0,0.0,2023-03-21,13,Website,0,Not Churned,<30,2
130,68,M,Divorced,Low,552.23,2,1.0,1.0,2023-02-25,47,Mobile App,0,Not Churned,60+,6
131,61,F,Divorced,Low,2726.7,8,1.0,0.0,2023-09-24,11,Website,0,Not Churned,60+,3
132,41,F,Single,High,1879.94,9,0.0,0.0,2023-06-15,36,Website,0,Not Churned,40-50,7
133,20,M,Widowed,Medium,896.27,4,1.0,0.0,2023-04-13,38,Mobile App,0,Not Churned,<30,5
134,52,M,Widowed,Medium,1570.08,6,1.0,1.0,2023-01-05,27,Mobile App,0,Not Churned,50-60,5
135,53,F,Widowed,High,441.75,2,0.0,0.0,2023-06-19,18,Mobile App,0,Not Churned,50-60,2
136,48,M,Widowed,Low,419.86,2,0.0,0.0,2023-11-07,40,Mobile App,0,Not Churned,40-50,5
137,21,F,Married,High,431.47,1,0.0,0.0,2023-06-19,38,Online Banking,1,Churned,<30,0
138,36,M,Divorced,Low,2804.65,8,1.0,1.0,2023-03-20,34,Online Banking,0,Not Churned,30-40,6
139,64,F,Widowed,High,2045.49,7,2.0,1.0,2023-06-03,22,Website,0,Not Churned,60+,2
140,53,M,Married,High,1024.23,3,1.0,0.0,2023-10-21,18,Mobile App,0,Not Churned,50-60,4
141,38,F,Widowed,Medium,2483.75,7,2.0,0.0,2023-06-28,41,Online Banking,0,Not Churned,30-40,2
142,35,M,Divorced,High,1391.99,5,1.0,1.0,2023-04-27,18,Mobile App,0,Not Churned,30-40,6
143,68,F,Widowed,Low,343.27,2,1.0,0.0,2023-12-25,13,Website,0,Not Churned,60+,2
144,45,F,Married,Low,419.85,1,1.0,0.0,2023-02-18,39,Online Banking,1,Churned,40-50,0
145,32,F,Married,High,1768.7,5,2.0,2.0,2023-10-11,16,Online Banking,0,Not Churned,30-40,0
146,59,F,Divorced,Low,1373.73,5,0.0,0.0,2023-12-12,8,Mobile App,0,Not Churned,50-60,3
147,19,F,Widowed,High,2260.34,8,2.0,1.0,2023-09-02,34,Mobile App,0,Not Churned,<30,2
148,54,F,Married,Medium,13.04,1,2.0,1.0,2023-03-09,29,Website,0,Not Churned,50-60,0
149,28,M,Single,Medium,444.84,1,1.0,0.0,2023-02-17,6,Online Banking,0,Not Churned,<30,1
150,40,F,Widowed,Medium,1193.26,8,0.0,0.0,2023-06-29,38,Mobile App,0,Not Churned,30-40,2
151,61,M,Single,Medium,334.2,1,2.0,1.0,2023-06-02,36,Mobile App,0,Not Churned,60+,1
152,58,F,Married,High,1448.8,7,0.0,0.0,2023-09-30,48,Mobile App,0,Not Churned,50-60,0
153,29,M,Married,Low,1735.16,5,1.0,1.0,2023-01-26,42,Online Banking,0,Not Churned,<30,4
154,20,F,Divorced,High,1753.55,7,0.0,0.0,2023-04-19,26,Mobile App,0,Not Churned,<30,3
155,69,M,Divorced,Low,1883.08,8,2.0,0.0,2023-04-08,18,Website,0,Not Churned,60+,6
156,34,F,Widowed,High,702.9200000000001,7,0.0,0.0,2023-06-30,11,Mobile App,0,Not Churned,30-40,2
157,50,M,Married,Low,2412.6800000000003,7,0.0,0.0,2023-06-13,27,Mobile App,0,Not Churned,40-50,4
158,18,F,Married,Low,1471.29,7,0.0,0.0,2023-10-03,30,Online Banking,0,Not Churned,<30,0
159,56,M,Married,High,25.75,1,2.0,2.0,2023-05-11,18,Website,0,Not Churned,50-60,4
160,37,M,Married,Medium,2053.13,8,2.0,1.0,2023-05-02,43,Online Banking,1,Churned,30-40,4
161,64,M,Single,High,1983.84,6,1.0,1.0,2023-07-24,4,Mobile App,0,Not Churned,60+,1
162,60,F,Married,Medium,425.88,3,2.0,1.0,2023-06-11,6,Mobile App,0,Not Churned,50-60,0
163,69,M,Divorced,High,1064.88,3,2.0,1.0,2023-01-13,22,Mobile App,0,Not Churned,60+,6
164,58,F,Widowed,Low,955.49,5,1.0,0.0,2023-11-25,2,Website,1,Churned,50-60,2
165,31,F,Widowed,Medium,181.34,1,0.0,0.0,2023-03-01,47,Mobile App,0,Not Churned,30-40,2
166,48,F,Widowed,Low,1241.5,5,1.0,0.0,2023-08-03,48,Online Banking,0,Not Churned,40-50,2
167,42,F,Single,Low,2356.35,8,1.0,0.0,2023-03-03,40,Website,0,Not Churned,40-50,7
168,20,M,Married,Low,1126.93,4,2.0,1.0,2023-08-29,32,Website,1,Churned,<30,4
169,21,F,Widowed,High,2164.75,9,1.0,1.0,2023-06-18,39,Mobile App,0,Not Churned,<30,2
170,48,M,Divorced,Low,1448.33,7,1.0,1.0,2023-10-12,21,Website,1,Churned,40-50,6
171,52,F,Single,High,2532.71,7,1.0,0.0,2023-05-04,8,Mobile App,0,Not Churned,50-60,7
172,61,M,Married,Medium,1972.76,6,2.0,1.0,2023-12-12,25,Website,0,Not Churned,60+,4
173,31,F,Married,Low,606.09,3,1.0,0.0,2023-10-22,41,Mobile App,0,Not Churned,30-40,0
174,66,F,Married,Medium,1801.46,7,1.0,1.0,2023-03-09,36,Mobile App,1,Churned,60+,0
175,58,M,Married,Medium,1218.9,7,2.0,1.0,2023-11-27,4,Website,0,Not Churned,50-60,4
176,26,F,Single,High,936.78,6,0.0,0.0,2023-09-23,15,Website,1,Churned,<30,7
177,37,F,Divorced,Medium,429.79,1,1.0,1.0,2023-03-05,28,Website,0,Not Churned,30-40,3
178,49,F,Married,High,741.63,3,0.0,0.0,2023-05-06,20,Website,0,Not Churned,40-50,0
179,26,F,Single,High,412.58,2,0.0,0.0,2023-09-06,38,Website,0,Not Churned,<30,7
180,44,F,Single,Medium,1985.93,7,0.0,0.0,2023-01-30,6,Online Banking,0,Not Churned,40-50,7
181,20,F,Divorced,Medium,715.6800000000001,2,0.0,0.0,2023-04-22,30,Mobile App,0,Not Churned,<30,3
182,21,F,Single,Medium,1491.65,5,2.0,0.0,2023-06-12,32,Online Banking,0,Not Churned,<30,7
183,62,F,Single,High,1135.44,3,1.0,0.0,2023-04-21,49,Online Banking,1,Churned,60+,7
184,32,M,Widowed,High,97.19,2,0.0,0.0,2023-04-14,41,Online Banking,0,Not Churned,30-40,5
185,50,F,Widowed,Medium,1284.89,6,2.0,0.0,2023-10-23,4,Online Banking,0,Not Churned,40-50,2
186,22,M,Divorced,High,460.87,3,0.0,0.0,2023-10-18,35,Mobile App,0,Not Churned,<30,6
187,21,F,Widowed,Medium,513.26,2,2.0,0.0,2023-01-09,30,Mobile App,0,Not Churned,<30,2
188,63,M,Single,High,1768.25,6,2.0,1.0,2023-03-29,49,Mobile App,0,Not Churned,60+,1
189,29,M,Single,High,574.4699999999999,3,2.0,1.0,2023-06-21,41,Mobile App,0,Not Churned,<30,1
190,40,M,Divorced,Low,1417.97,7,1.0,1.0,2023-04-01,22,Website,1,Churned,30-40,6
191,31,F,Single,Low,1942.65,7,2.0,1.0,2023-02-15,2,Website,0,Not Churned,30-40,7
192,63,F,Divorced,Medium,1172.53,3,2.0,1.0,2023-07-07,12,Website,0,Not Churned,60+,3
193,29,M,Widowed,Low,270.34,1,2.0,1.0,2023-05-11,34,Website,0,Not Churned,<30,5
194,34,F,Widowed,High,1388.97,5,0.0,0.0,2023-10-23,34,Website,0,Not Churned,30-40,2
195,42,F,Married,Medium,1711.71,6,2.0,1.0,2023-03-07,14,Website,0,Not Churned,40-50,0
196,47,M,Widowed,Low,2134.16,8,2.0,2.0,2023-01-22,39,Website,0,Not Churned,40-50,5
197,39,F,Married,Medium,925.43,4,2.0,1.0,2023-03-16,39,Online Banking,1,Churned,30-40,0
198,64,M,Married,Medium,1461.25,7,0.0,0.0,2023-06-21,45,Online Banking,0,Not Churned,60+,4
199,43,M,Married,High,1270.25,6,2.0,1.0,2023-01-08,6,Website,0,Not Churned,40-50,4
200,34,F,Single,Low,1702.06,6,2.0,0.0,2023-02-10,8,Online Banking,0,Not Churned,30-40,7
201,37,M,Married,High,956.58,3,2.0,1.0,2023-08-14,27,Online Banking,1,Churned,30-40,4
202,51,F,Widowed,Medium,336.18,1,2.0,0.0,2023-03-07,12,Mobile App,0,Not Churned,50-60,2
203,58,F,Divorced,Medium,1767.9,6,2.0,0.0,2023-04-16,21,Website,0,Not Churned,50-60,3
204,50,F,Widowed,Medium,454.14,2,2.0,1.0,2023-05-08,38,Online Banking,0,Not Churned,40-50,2
205,54,F,Divorced,Low,741.9699999999999,4,0.0,0.0,2023-01-27,4,Mobile App,0,Not Churned,50-60,3
206,24,M,Widowed,High,99.58,1,0.0,0.0,2023-11-27,25,Mobile App,0,Not Churned,<30,5
207,39,F,Divorced,High,1799.17,8,0.0,0.0,2023-03-28,43,Website,0,Not Churned,30-40,3
208,49,F,Widowed,Low,436.89,2,0.0,0.0,2023-06-03,24,Online Banking,0,Not Churned,40-50,2
209,31,F,Divorced,High,1328.06,4,0.0,0.0,2023-10-12,12,Mobile App,0,Not Churned,30-40,3
210,25,M,Married,High,1727.27,7,0.0,0.0,2023-07-24,29,Online Banking,0,Not Churned,<30,4
211,42,M,Divorced,Medium,1222.21,6,0.0,0.0,2023-03-03,35,Online Banking,0,Not Churned,40-50,6
212,33,F,Married,Medium,1047.61,7,1.0,0.0,2023-06-14,37,Website,0,Not Churned,30-40,0
213,59,F,Widowed,Medium,2092.89,7,1.0,0.0,2023-02-23,30,Website,1,Churned,50-60,2
214,36,F,Divorced,Low,734.1,2,0.0,0.0,2023-11-02,41,Online Banking,0,Not Churned,30-40,3
215,58,F,Divorced,Medium,1343.7,6,2.0,2.0,2023-11-07,42,Online Banking,0,Not Churned,50-60,3
216,33,F,Widowed,High,1570.86,5,2.0,0.0,2023-09-06,35,Mobile App,0,Not Churned,30-40,2
217,29,M,Married,Low,2576.78,8,1.0,1.0,2023-08-14,1,Online Banking,1,Churned,<30,4
218,56,F,Married,High,1766.57,7,0.0,0.0,2023-06-12,40,Mobile App,0,Not Churned,50-60,0
219,65,M,Single,Low,1624.32,4,0.0,0.0,2023-07-18,26,Online Banking,0,Not Churned,60+,1
220,47,M,Single,High,1030.46,3,0.0,0.0,2023-11-12,35,Online Banking,0,Not Churned,40-50,1
221,19,F,Single,Low,1277.29,4,1.0,0.0,2023-06-16,42,Mobile App,1,Churned,<30,7
222,49,M,Divorced,High,1702.45,7,0.0,0.0,2023-06-03,7,Website,0,Not Churned,40-50,6
223,62,F,Divorced,Medium,1736.26,6,1.0,0.0,2023-07-22,4,Online Banking,0,Not Churned,60+,3
224,42,M,Divorced,Low,2520.32,8,0.0,0.0,2023-05-16,5,Website,0,Not Churned,40-50,6
225,42,M,Widowed,High,2650.29,8,2.0,1.0,2023-07-15,39,Online Banking,0,Not Churned,40-50,5
226,21,F,Single,High,1461.18,7,1.0,1.0,2023-03-10,11,Mobile App,0,Not Churned,<30,7
227,36,M,Widowed,High,1250.35,7,0.0,0.0,2023-11-08,15,Online Banking,1,Churned,30-40,5
228,65,F,Single,High,2185.36,6,2.0,1.0,2023-10-16,32,Website,0,Not Churned,60+,7
229,21,F,Single,Medium,2559.03,9,1.0,1.0,2023-12-23,37,Website,0,Not Churned,<30,7
230,60,F,Divorced,Medium,1468.07,6,2.0,1.0,2023-09-04,9,Online Banking,1,Churned,50-60,3
231,30,F,Married,Low,1353.42,4,0.0,0.0,2023-02-20,47,Online Banking,1,Churned,<30,0
232,56,F,Single,Low,2082.19,8,2.0,2.0,2023-09-08,32,Online Banking,0,Not Churned,50-60,7
233,53,F,Married,High,817.4200000000001,3,2.0,0.0,2023-09-18,33,Website,0,Not Churned,50-60,0
234,40,M,Widowed,Low,1576.7,8,0.0,0.0,2023-06-19,23,Online Banking,1,Churned,30-40,5
235,23,M,Divorced,High,770.5,3,2.0,2.0,2023-12-28,15,Mobile App,0,Not Churned,<30,6
236,41,F,Single,Low,1482.99,6,2.0,0.0,2023-09-25,30,Online Banking,1,Churned,40-50,7
237,61,M,Divorced,Low,398.99,1,0.0,0.0,2023-01-13,16,Online Banking,1,Churned,60+,6
238,50,M,Widowed,High,762.4399999999999,3,1.0,1.0,2023-09-20,22,Mobile App,1,Churned,40-50,5
239,29,F,Married,Medium,2654.84,9,1.0,1.0,2023-10-09,43,Mobile App,1,Churned,<30,0
240,58,M,Divorced,High,859.47,2,1.0,0.0,2023-07-27,30,Online Banking,0,Not Churned,50-60,6
241,38,F,Divorced,Medium,2185.9300000000003,9,1.0,0.0,2023-12-19,1,Mobile App,0,Not Churned,30-40,3
242,28,F,Single,Low,726.73,3,2.0,1.0,2023-02-16,35,Online Banking,1,Churned,<30,7
243,61,M,Married,Medium,2362.18,9,1.0,1.0,2023-12-09,18,Website,0,Not Churned,60+,4
244,55,F,Widowed,High,1649.9,7,2.0,2.0,2023-06-21,15,Online Banking,0,Not Churned,50-60,2
245,46,F,Single,Low,2965.09,9,0.0,0.0,2023-05-18,21,Online Banking,0,Not Churned,40-50,7
246,65,F,Divorced,Medium,1171.14,4,1.0,0.0,2023-03-24,40,Mobile App,0,Not Churned,60+,3
247,58,F,Divorced,Medium,1887.68,7,2.0,0.0,2023-12-24,2,Online Banking,0,Not Churned,50-60,3
248,20,M,Married,High,1519.14,5,1.0,1.0,2023-08-26,30,Online Banking,1,Churned,<30,4
249,45,F,Widowed,Low,356.39,1,1.0,1.0,2023-02-06,40,Website,0,Not Churned,40-50,2
250,37,M,Widowed,Low,1607.36,7,1.0,0.0,2023-01-09,32,Website,0,Not Churned,30-40,5
251,43,F,Divorced,Medium,1968.79,7,1.0,0.0,2023-03-24,28,Website,1,Churned,40-50,3
252,41,M,Widowed,Medium,980.71,4,0.0,0.0,2023-08-11,11,Online Banking,1,Churned,40-50,5
253,69,M,Single,Medium,1319.11,5,1.0,0.0,2023-12-03,7,Online Banking,0,Not Churned,60+,1
254,64,F,Married,Low,2220.26,9,2.0,1.0,2023-08-25,1,Mobile App,1,Churned,60+,0
255,38,M,Divorced,Medium,2672.69,7,1.0,1.0,2023-06-17,43,Mobile App,0,Not Churned,30-40,6
256,47,F,Widowed,Medium,208.67,1,2.0,1.0,2023-08-26,28,Mobile App,0,Not Churned,40-50,2
257,21,F,Widowed,Low,92.62,1,1.0,0.0,2023-01-31,39,Website,0,Not Churned,<30,2
258,53,M,Single,Low,832.85,4,2.0,1.0,2023-06-17,19,Mobile App,0,Not Churned,50-60,1
259,57,M,Widowed,High,1469.67,6,1.0,0.0,2023-03-16,39,Online Banking,0,Not Churned,50-60,5
260,27,M,Single,Low,2395.72,8,1.0,0.0,2023-08-24,32,Website,1,Churned,<30,1
261,27,M,Married,Low,489.07,1,1.0,1.0,2023-05-29,49,Online Banking,1,Churned,<30,4
262,59,F,Divorced,High,2940.59,9,2.0,2.0,2023-02-04,30,Website,1,Churned,50-60,3
263,41,M,Single,Low,13.04,1,2.0,0.0,2023-12-28,2,Website,0,Not Churned,40-50,1
264,21,F,Widowed,High,525.02,2,1.0,0.0,2023-03-08,44,Online Banking,0,Not Churned,<30,2
265,64,M,Widowed,Low,1511.87,5,0.0,0.0,2023-04-06,43,Online Banking,0,Not Churned,60+,5
266,44,M,Married,High,459.39,1,1.0,0.0,2023-01-07,37,Online Banking,0,Not Churned,40-50,4
267,68,F,Single,Medium,461.36,3,1.0,1.0,2023-11-24,19,Online Banking,0,Not Churned,60+,7
268,62,M,Divorced,Medium,1096.16,5,0.0,0.0,2023-12-19,26,Mobile App,0,Not Churned,60+,6
269,21,F,Widowed,Medium,2123.87,9,2.0,1.0,2023-06-16,1,Mobile App,0,Not Churned,<30,2
270,49,M,Single,High,734.74,3,1.0,1.0,2023-04-12,42,Mobile App,0,Not Churned,40-50,1
271,27,M,Widowed,Medium,865.97,3,0.0,0.0,2023-10-28,28,Online Banking,1,Churned,<30,5
272,28,F,Divorced,Low,1170.04,8,2.0,2.0,2023-07-16,26,Online Banking,1,Churned,<30,3
273,45,F,Single,High,1562.83,7,0.0,0.0,2023-08-30,40,Mobile App,0,Not Churned,40-50,7
274,63,F,Widowed,Low,1117.33,4,1.0,1.0,2023-01-24,35,Online Banking,0,Not Churned,60+,2
275,25,F,Divorced,Low,605.79,3,2.0,1.0,2023-06-15,3,Website,0,Not Churned,<30,3
276,57,F,Single,Low,2069.7,7,0.0,0.0,2023-06-02,26,Online Banking,1,Churned,50-60,7
277,39,F,Single,High,1217.78,6,0.0,0.0,2023-07-06,33,Mobile App,0,Not Churned,30-40,7
278,51,F,Married,Low,1423.1,5,1.0,1.0,2023-02-22,22,Online Banking,0,Not Churned,50-60,0
279,62,M,Divorced,Medium,1209.94,4,1.0,0.0,2023-04-12,6,Mobile App,0,Not Churned,60+,6
280,52,F,Single,High,836.33,4,2.0,1.0,2023-11-19,42,Online Banking,0,Not Churned,50-60,7
281,52,M,Married,Medium,1563.95,8,1.0,0.0,2023-12-15,34,Online Banking,0,Not Churned,50-60,4
282,42,M,Single,High,2016.68,5,1.0,0.0,2023-07-22,3,Online Banking,1,Churned,40-50,1
283,51,F,Widowed,Low,1362.86,5,0.0,0.0,2023-09-20,17,Online Banking,1,Churned,50-60,2
284,23,M,Married,Medium,1683.13,6,0.0,0.0,2023-05-15,6,Mobile App,0,Not Churned,<30,4
285,58,M,Single,High,1026.59,5,0.0,0.0,2023-08-31,42,Mobile App,0,Not Churned,50-60,1
286,54,F,Widowed,Low,512.1899999999999,2,2.0,1.0,2023-04-03,5,Website,1,Churned,50-60,2
287,18,M,Widowed,Low,615.0699999999999,2,2.0,1.0,2023-06-10,20,Website,0,Not Churned,<30,5
288,29,F,Widowed,High,2217.85,8,2.0,2.0,2023-03-21,1,Website,0,Not Churned,<30,2
289,52,M,Married,High,30.48,1,0.0,0.0,2023-11-14,24,Mobile App,0,Not Churned,50-60,4
290,23,M,Widowed,High,403.33,1,1.0,1.0,2023-09-15,9,Mobile App,0,Not Churned,<30,5
291,34,F,Divorced,High,1572.74,6,2.0,2.0,2023-09-26,15,Website,0,Not Churned,30-40,3
292,26,M,Single,Medium,2429.7,8,2.0,1.0,2023-12-06,37,Website,0,Not Churned,<30,1
293,19,M,Divorced,High,209.68,1,0.0,0.0,2023-01-26,18,Mobile App,0,Not Churned,<30,6
294,35,F,Widowed,Low,1882.08,6,1.0,0.0,2023-03-19,22,Online Banking,0,Not Churned,30-40,2
295,66,F,Widowed,Medium,960.99,3,0.0,0.0,2023-03-09,11,Website,0,Not Churned,60+,2
296,53,M,Divorced,Low,261.24,1,1.0,1.0,2023-12-01,38,Mobile App,0,Not Churned,50-60,6
297,45,M,Married,Low,1714.09,8,0.0,0.0,2023-10-06,3,Mobile App,0,Not Churned,40-50,4
298,58,F,Widowed,High,1305.25,6,1.0,1.0,2023-08-23,29,Website,0,Not Churned,50-60,2
299,54,M,Widowed,Medium,9.8,1,2.0,1.0,2023-11-04,46,Mobile App,0,Not Churned,50-60,5
300,66,F,Divorced,High,926.53,4,2.0,0.0,2023-10-15,32,Website,0,Not Churned,60+,3
301,43,F,Widowed,Low,1298.95,6,1.0,0.0,2023-10-02,34,Online Banking,0,Not Churned,40-50,2
302,21,M,Widowed,High,925.58,4,2.0,0.0,2023-02-18,8,Website,0,Not Churned,<30,5
303,57,F,Married,High,948.96,3,1.0,0.0,2023-05-20,34,Online Banking,0,Not Churned,50-60,0
304,53,F,Married,High,695.73,3,1.0,1.0,2023-04-28,5,Online Banking,0,Not Churned,50-60,0
305,68,M,Married,High,288.26,1,0.0,0.0,2023-07-15,9,Mobile App,0,Not Churned,60+,4
306,48,F,Married,High,2285.6,9,0.0,0.0,2023-05-03,17,Mobile App,0,Not Churned,40-50,0
307,47,M,Married,High,1416.68,4,1.0,0.0,2023-11-04,20,Mobile App,0,Not Churned,40-50,4
308,67,M,Widowed,Medium,1791.69,7,0.0,0.0,2023-10-23,42,Mobile App,0,Not Churned,60+,5
309,51,M,Single,High,1400.5,5,1.0,0.0,2023-04-16,27,Online Banking,0,Not Churned,50-60,1
310,36,F,Widowed,Medium,1058.14,4,0.0,0.0,2023-07-05,5,Online Banking,0,Not Churned,30-40,2
311,35,M,Widowed,High,592.9,5,2.0,0.0,2023-07-07,46,Mobile App,1,Churned,30-40,5
312,47,M,Single,Medium,283.16,2,2.0,2.0,2023-06-23,29,Website,0,Not Churned,40-50,1
313,38,M,Divorced,Low,34.91,1,0.0,0.0,2023-06-19,11,Online Banking,0,Not Churned,30-40,6
314,20,M,Single,Medium,536.29,2,1.0,1.0,2023-03-21,26,Mobile App,0,Not Churned,<30,1
315,23,F,Married,Medium,601.31,2,1.0,1.0,2023-10-09,23,Mobile App,1,Churned,<30,0
316,55,F,Widowed,Low,649.71,8,0.0,0.0,2023-01-28,18,Mobile App,0,Not Churned,50-60,2
317,30,M,Married,High,467.83,3,2.0,2.0,2023-06-02,20,Website,0,Not Churned,<30,4
318,62,F,Single,High,2145.44,8,0.0,0.0,2023-09-11,44,Website,0,Not Churned,60+,7
319,20,F,Divorced,Medium,477.46,1,0.0,0.0,2023-03-12,21,Online Banking,0,Not Churned,<30,3
320,65,F,Divorced,High,823.75,2,2.0,1.0,2023-02-11,26,Online Banking,0,Not Churned,60+,3
321,45,M,Widowed,High,2007.24,9,2.0,1.0,2023-10-30,32,Online Banking,0,Not Churned,40-50,5
322,39,F,Single,Low,61.98,1,2.0,2.0,2023-11-20,1,Online Banking,0,Not Churned,30-40,7
323,57,F,Married,High,839.3,4,1.0,0.0,2023-03-10,2,Website,1,Churned,50-60,0
324,57,F,Married,High,1369.7,6,2.0,2.0,2023-02-23,4,Mobile App,0,Not Churned,50-60,0
325,29,F,Divorced,Medium,553.79,2,2.0,2.0,2023-09-30,41,Online Banking,0,Not Churned,<30,3
326,40,F,Widowed,High,605.89,3,0.0,0.0,2023-03-26,10,Website,0,Not Churned,30-40,2
327,48,M,Single,High,403.37,2,2.0,1.0,2023-08-27,28,Website,0,Not Churned,40-50,1
328,35,F,Married,Medium,848.26,5,0.0,0.0,2023-04-17,49,Mobile App,0,Not Churned,30-40,0
329,24,F,Divorced,Medium,2361.19,8,1.0,1.0,2023-08-13,37,Online Banking,0,Not Churned,<30,3
330,25,M,Widowed,Medium,2582.54,9,0.0,0.0,2023-09-18,17,Mobile App,0,Not Churned,<30,5
331,36,M,Divorced,High,908.32,5,2.0,1.0,2023-01-02,30,Website,0,Not Churned,30-40,6
332,46,M,Widowed,High,1577.44,5,0.0,0.0,2023-12-06,6,Website,0,Not Churned,40-50,5
333,61,M,Single,High,2439.39,7,2.0,1.0,2023-12-13,11,Website,0,Not Churned,60+,1
334,37,F,Divorced,High,1719.37,6,1.0,0.0,2023-01-18,11,Online Banking,0,Not Churned,30-40,3
335,67,F,Married,High,756.52,2,2.0,0.0,2023-12-27,2,Mobile App,1,Churned,60+,0
336,59,F,Widowed,High,135.94,1,0.0,0.0,2023-01-25,20,Mobile App,0,Not Churned,50-60,2
337,47,F,Divorced,Medium,608.06,2,0.0,0.0,2023-08-26,34,Website,0,Not Churned,40-50,3
338,64,F,Widowed,Medium,13.86,1,0.0,0.0,2023-12-04,41,Mobile App,0,Not Churned,60+,2
339,39,M,Divorced,High,682.9399999999999,4,1.0,0.0,2023-04-23,1,Website,0,Not Churned,30-40,6
340,27,F,Divorced,Low,1147.08,6,1.0,1.0,2023-09-21,48,Mobile App,0,Not Churned,<30,3
341,43,M,Single,Medium,1022.86,6,1.0,0.0,2023-07-05,27,Online Banking,0,Not Churned,40-50,1
342,68,M,Married,High,2295.76,7,1.0,0.0,2023-10-02,26,Online Banking,1,Churned,60+,4
343,50,M,Divorced,Medium,924.63,3,2.0,0.0,2023-07-26,26,Online Banking,0,Not Churned,40-50,6
344,45,F,Single,Low,1466.6,6,2.0,1.0,2023-06-27,8,Mobile App,0,Not Churned,40-50,7
345,27,F,Widowed,Medium,1980.5,8,1.0,0.0,2023-09-08,29,Online Banking,0,Not Churned,<30,2
346,46,M,Widowed,Medium,1641.62,6,1.0,1.0,2023-01-07,17,Online Banking,0,Not Churned,40-50,5
347,61,M,Divorced,Medium,1974.45,9,2.0,1.0,2023-07-20,33,Mobile App,0,Not Churned,60+,6
348,35,M,Married,Medium,704.7,2,1.0,0.0,2023-11-30,1,Online Banking,0,Not Churned,30-40,4
349,59,M,Widowed,High,1376.54,6,2.0,0.0,2023-08-20,24,Mobile App,0,Not Churned,50-60,5
350,18,M,Divorced,Low,2702.27,9,1.0,1.0,2023-04-23,25,Online Banking,0,Not Churned,<30,6
351,40,M,Widowed,High,588.68,2,1.0,1.0,2023-07-23,1,Mobile App,1,Churned,30-40,5
352,34,F,Single,Medium,1493.9,5,2.0,1.0,2023-09-02,26,Website,0,Not Churned,30-40,7
353,60,M,Divorced,Medium,266.08,1,2.0,1.0,2023-03-19,16,Online Banking,1,Churned,50-60,6
354,54,M,Divorced,Medium,324.4,3,1.0,1.0,2023-07-13,49,Online Banking,0,Not Churned,50-60,6
355,48,M,Divorced,Low,368.57,1,2.0,1.0,2023-01-06,33,Website,0,Not Churned,40-50,6
356,42,M,Single,Low,2316.37,8,0.0,0.0,2023-07-15,28,Mobile App,0,Not Churned,40-50,1
357,21,M,Divorced,High,780.1800000000001,4,2.0,1.0,2023-09-10,45,Online Banking,0,Not Churned,<30,6
358,69,F,Divorced,Medium,2282.8900000000003,9,1.0,1.0,2023-01-17,24,Mobile App,1,Churned,60+,3
359,26,M,Single,Low,2154.17,8,1.0,0.0,2023-05-03,36,Website,0,Not Churned,<30,1
360,45,F,Widowed,Medium,1731.26,8,2.0,0.0,2023-03-26,14,Online Banking,0,Not Churned,40-50,2
361,47,M,Single,High,2348.41,9,0.0,0.0,2023-04-19,49,Mobile App,0,Not Churned,40-50,1
362,64,M,Married,High,469.14,2,2.0,1.0,2023-08-14,5,Mobile App,1,Churned,60+,4
363,41,F,Single,Low,1514.16,9,1.0,0.0,2023-01-01,27,Online Banking,0,Not Churned,40-50,7
364,50,M,Widowed,High,286.8,1,2.0,0.0,2023-08-28,14,Mobile App,0,Not Churned,40-50,5
365,37,F,Divorced,Low,1188.84,8,1.0,0.0,2023-10-29,24,Online Banking,1,Churned,30-40,3
366,26,F,Divorced,Medium,2518.16,8,0.0,0.0,2023-01-16,46,Website,0,Not Churned,<30,3
367,25,F,Single,Low,2197.79,7,1.0,1.0,2023-09-16,28,Mobile App,0,Not Churned,<30,7
368,41,F,Married,High,1939.2,6,0.0,0.0,2023-01-17,8,Online Banking,0,Not Churned,40-50,0
369,31,F,Single,Medium,3352.34,9,1.0,1.0,2023-02-07,35,Website,0,Not Churned,30-40,7
370,35,F,Married,High,1239.81,6,2.0,1.0,2023-06-22,47,Online Banking,0,Not Churned,30-40,0
371,18,M,Single,Medium,1454.45,5,2.0,0.0,2023-06-15,35,Website,0,Not Churned,<30,1
372,29,F,Married,Medium,35.85,1,2.0,1.0,2023-10-26,23,Website,0,Not Churned,<30,0
373,46,M,Married,Medium,267.09,2,1.0,1.0,2023-05-10,13,Online Banking,0,Not Churned,40-50,4
374,54,M,Divorced,Medium,2143.59,9,0.0,0.0,2023-12-25,47,Online Banking,0,Not Churned,50-60,6
375,43,F,Married,High,133.2,1,1.0,1.0,2023-08-31,17,Website,0,Not Churned,40-50,0
376,50,F,Divorced,Low,1143.8,4,1.0,0.0,2023-02-28,31,Website,0,Not Churned,40-50,3
377,60,F,Single,Medium,2366.3,8,2.0,1.0,2023-05-11,10,Online Banking,0,Not Churned,50-60,7
378,32,M,Single,High,1333.6,4,2.0,1.0,2023-08-22,36,Website,0,Not Churned,30-40,1
379,40,F,Single,High,1582.08,8,1.0,0.0,2023-07-24,29,Online Banking,0,Not Churned,30-40,7
380,46,F,Single,High,1172.66,6,0.0,0.0,2023-06-10,16,Mobile App,0,Not Churned,40-50,7
381,38,M,Single,Low,1087.62,4,1.0,0.0,2023-07-18,33,Website,1,Churned,30-40,1
382,36,F,Divorced,High,2467.11,9,1.0,0.0,2023-03-01,14,Mobile App,0,Not Churned,30-40,3
383,22,M,Single,High,800.5600000000001,4,2.0,1.0,2023-08-21,7,Online Banking,0,Not Churned,<30,1
384,40,F,Married,Low,339.17,2,2.0,1.0,2023-12-26,33,Website,0,Not Churned,30-40,0
385,53,M,Widowed,High,1338.28,4,0.0,0.0,2023-08-24,3,Mobile App,1,Churned,50-60,5
386,37,F,Divorced,High,773.11,4,1.0,0.0,2023-10-23,26,Website,0,Not Churned,30-40,3
387,25,M,Married,Low,47.52,1,2.0,2.0,2023-10-30,39,Website,0,Not Churned,<30,4
388,26,F,Widowed,Low,1787.4199999999998,8,0.0,0.0,2023-08-21,5,Online Banking,1,Churned,<30,2
389,31,F,Widowed,Low,522.89,3,0.0,0.0,2023-04-04,23,Online Banking,1,Churned,30-40,2
390,23,M,Divorced,Medium,281.95,1,0.0,0.0,2023-02-18,33,Mobile App,0,Not Churned,<30,6
391,18,F,Married,Low,1990.15,7,0.0,0.0,2023-07-21,30,Mobile App,0,Not Churned,<30,0
392,26,F,Widowed,Medium,1533.34,7,1.0,0.0,2023-09-03,33,Mobile App,0,Not Churned,<30,2
393,33,M,Widowed,Medium,1960.83,8,1.0,0.0,2023-12-04,43,Website,0,Not Churned,30-40,5
394,33,M,Divorced,Low,2346.48,8,2.0,1.0,2023-07-11,25,Online Banking,0,Not Churned,30-40,6
395,29,F,Single,Medium,680.27,2,2.0,1.0,2023-07-22,22,Online Banking,1,Churned,<30,7
396,22,M,Widowed,High,865.73,3,2.0,2.0,2023-05-07,1,Online Banking,1,Churned,<30,5
397,57,F,Divorced,High,2322.98,9,0.0,0.0,2023-05-10,10,Online Banking,0,Not Churned,50-60,3
398,46,F,Divorced,Low,1678.12,6,1.0,0.0,2023-10-09,23,Online Banking,0,Not Churned,40-50,3
399,63,M,Married,Medium,568.35,2,1.0,0.0,2023-06-02,33,Website,0,Not Churned,60+,4
400,44,M,Divorced,High,2309.85,8,0.0,0.0,2023-03-19,39,Online Banking,0,Not Churned,40-50,6
401,28,F,Divorced,Medium,1273.36,4,2.0,1.0,2023-08-22,28,Website,0,Not Churned,<30,3
402,64,M,Single,Medium,609.5799999999999,2,2.0,1.0,2023-08-11,43,Mobile App,1,Churned,60+,1
403,67,F,Widowed,High,1645.76,7,2.0,0.0,2023-08-30,8,Online Banking,0,Not Churned,60+,2
404,45,M,Married,Low,2787.1,9,1.0,0.0,2023-10-28,27,Mobile App,1,Churned,40-50,4
405,69,F,Divorced,Medium,508.49,3,0.0,0.0,2023-02-25,5,Online Banking,0,Not Churned,60+,3
406,53,F,Married,High,2017.78,8,2.0,1.0,2023-12-29,15,Website,0,Not Churned,50-60,0
407,59,F,Widowed,Low,2722.74,9,1.0,1.0,2023-08-25,48,Mobile App,1,Churned,50-60,2
408,36,F,Divorced,Medium,2101.4,7,2.0,1.0,2023-10-14,22,Online Banking,0,Not Churned,30-40,3
409,52,F,Divorced,Medium,1524.84,9,1.0,1.0,2023-01-20,35,Mobile App,0,Not Churned,50-60,3
410,69,F,Married,Medium,1426.2,6,1.0,1.0,2023-08-09,30,Online Banking,0,Not Churned,60+,0
411,48,F,Single,Medium,87.02,1,0.0,0.0,2023-09-20,48,Website,1,Churned,40-50,7
412,61,M,Widowed,Low,184.86,1,0.0,0.0,2023-12-31,44,Website,0,Not Churned,60+,5
413,36,M,Widowed,Medium,1592.61,5,2.0,2.0,2023-03-16,33,Website,0,Not Churned,30-40,5
414,63,M,Widowed,High,1497.89,7,1.0,0.0,2023-09-04,30,Online Banking,0,Not Churned,60+,5
415,41,F,Divorced,High,354.64,1,1.0,0.0,2023-06-18,36,Online Banking,0,Not Churned,40-50,3
416,19,M,Divorced,High,1442.26,5,2.0,2.0,2023-04-23,16,Online Banking,0,Not Churned,<30,6
417,24,M,Divorced,Low,873.63,3,0.0,0.0,2023-11-09,38,Website,0,Not Churned,<30,6
418,60,M,Married,High,1282.72,3,2.0,1.0,2023-09-20,23,Online Banking,0,Not Churned,50-60,4
419,66,M,Widowed,Medium,1254.4299999999998,5,0.0,0.0,2023-02-07,37,Online Banking,1,Churned,60+,5
420,48,F,Widowed,Medium,2140.54,8,2.0,0.0,2023-01-06,37,Website,0,Not Churned,40-50,2
421,34,F,Widowed,High,594.4200000000001,2,1.0,1.0,2023-12-16,28,Mobile App,0,Not Churned,30-40,2
422,44,M,Single,Low,1770.89,7,1.0,0.0,2023-10-04,14,Mobile App,1,Churned,40-50,1
423,53,F,Divorced,Low,1329.4499999999998,5,0.0,0.0,2023-04-04,4,Mobile App,0,Not Churned,50-60,3
424,67,F,Widowed,Medium,965.41,7,1.0,1.0,2023-09-24,39,Website,0,Not Churned,60+,2
425,60,F,Widowed,Medium,1768.53,9,2.0,1.0,2023-11-03,33,Website,0,Not Churned,50-60,2
426,27,F,Divorced,High,1465.9299999999998,7,0.0,0.0,2023-09-10,31,Website,0,Not Churned,<30,3
427,62,F,Divorced,Low,521.56,3,2.0,0.0,2023-08-14,13,Online Banking,0,Not Churned,60+,3
428,31,M,Widowed,High,2414.15,8,2.0,1.0,2023-08-10,36,Mobile App,0,Not Churned,30-40,5
429,24,F,Married,Medium,1361.39,5,2.0,1.0,2023-01-11,10,Mobile App,0,Not Churned,<30,0
430,56,M,Married,Medium,148.98,1,2.0,1.0,2023-07-02,47,Online Banking,0,Not Churned,50-60,4
431,57,F,Married,High,233.87,2,1.0,0.0,2023-05-26,31,Website,0,Not Churned,50-60,0
432,26,M,Married,Low,1834.48,7,0.0,0.0,2023-12-16,26,Mobile App,0,Not Churned,<30,4
433,31,M,Single,Medium,1302.43,5,0.0,0.0,2023-12-03,14,Mobile App,1,Churned,30-40,1
434,25,F,Married,Medium,41.19,1,2.0,1.0,2023-11-09,4,Mobile App,0,Not Churned,<30,0
435,34,M,Widowed,Low,488.45,1,1.0,0.0,2023-03-18,33,Online Banking,0,Not Churned,30-40,5
436,40,F,Widowed,Medium,543.99,3,2.0,1.0,2023-09-18,47,Website,0,Not Churned,30-40,2
437,33,M,Widowed,Low,1698.21,8,0.0,0.0,2023-09-20,13,Website,0,Not Churned,30-40,5
438,43,M,Married,Low,2131.01,7,1.0,0.0,2023-04-20,48,Website,0,Not Churned,40-50,4
439,26,F,Divorced,Medium,1373.54,7,2.0,2.0,2023-02-20,41,Online Banking,0,Not Churned,<30,3
440,53,M,Widowed,High,1920.61,8,2.0,1.0,2023-02-19,34,Online Banking,0,Not Churned,50-60,5
441,24,F,Married,Medium,2560.36,8,1.0,1.0,2023-10-28,43,Mobile App,1,Churned,<30,0
442,35,M,Single,Medium,412.55,1,1.0,0.0,2023-06-20,35,Mobile App,0,Not Churned,30-40,1
443,25,F,Single,Medium,1115.64,5,0.0,0.0,2023-06-08,28,Website,0,Not Churned,<30,7
444,38,M,Widowed,Medium,387.51,2,0.0,0.0,2023-12-06,31,Mobile App,0,Not Churned,30-40,5
445,43,M,Divorced,High,1002.46,5,2.0,1.0,2023-05-27,30,Online Banking,0,Not Churned,40-50,6
446,20,F,Single,High,1516.93,6,2.0,1.0,2023-10-13,32,Mobile App,0,Not Churned,<30,7
447,34,F,Married,High,169.69,1,0.0,0.0,2023-12-01,13,Website,0,Not Churned,30-40,0
448,68,M,Married,Low,1461.03,7,0.0,0.0,2023-09-08,41,Mobile App,0,Not Churned,60+,4
449,63,F,Single,High,1460.65,5,2.0,2.0,2023-05-11,34,Mobile App,0,Not Churned,60+,7
450,41,M,Widowed,Low,1527.63,5,0.0,0.0,2023-09-08,8,Website,1,Churned,40-50,5
451,42,M,Widowed,Medium,364.46,2,2.0,1.0,2023-07-13,42,Mobile App,0,Not Churned,40-50,5
452,22,M,Single,High,2341.48,8,1.0,1.0,2023-10-18,25,Online Banking,0,Not Churned,<30,1
453,54,F,Married,High,346.54,1,0.0,0.0,2023-04-20,33,Online Banking,0,Not Churned,50-60,0
454,62,F,Divorced,High,472.88,2,0.0,0.0,2023-07-13,10,Online Banking,0,Not Churned,60+,3
455,67,F,Married,High,565.79,3,2.0,0.0,2023-12-23,40,Website,0,Not Churned,60+,0
456,41,M,Divorced,High,2402.0,9,1.0,1.0,2023-11-22,34,Mobile App,0,Not Churned,40-50,6
457,48,M,Divorced,Medium,1730.33,8,2.0,2.0,2023-06-14,44,Website,0,Not Churned,40-50,6
458,43,M,Single,High,2767.15,9,0.0,0.0,2023-01-10,33,Website,0,Not Churned,40-50,1
459,38,F,Widowed,Low,62.87,1,1.0,1.0,2023-03-13,5,Mobile App,0,Not Churned,30-40,2
460,51,M,Divorced,Low,336.72,1,2.0,2.0,2023-02-24,45,Online Banking,0,Not Churned,50-60,6
461,55,F,Married,High,449.87,1,2.0,2.0,2023-07-15,27,Online Banking,0,Not Churned,50-60,0
462,41,F,Widowed,Low,391.36,3,0.0,0.0,2023-04-09,8,Online Banking,1,Churned,40-50,2
463,45,F,Widowed,High,1668.22,7,0.0,0.0,2023-04-17,7,Online Banking,0,Not Churned,40-50,2
464,47,F,Married,Medium,2166.33,9,0.0,0.0,2023-12-11,22,Website,0,Not Churned,40-50,0
465,51,F,Single,Low,1217.08,4,0.0,0.0,2023-11-14,46,Website,0,Not Churned,50-60,7
466,69,M,Widowed,High,1918.16,8,0.0,0.0,2023-06-25,28,Online Banking,1,Churned,60+,5
467,69,M,Divorced,Low,1104.21,4,1.0,0.0,2023-12-17,9,Website,0,Not Churned,60+,6
468,40,M,Married,High,818.31,4,0.0,0.0,2023-12-23,31,Online Banking,0,Not Churned,30-40,4
469,25,M,Divorced,Low,1626.7,6,2.0,2.0,2023-10-24,4,Mobile App,1,Churned,<30,6
470,59,F,Married,Medium,1916.68,6,1.0,1.0,2023-06-09,5,Website,1,Churned,50-60,0
471,67,F,Married,Low,1109.17,5,2.0,1.0,2023-01-10,13,Mobile App,0,Not Churned,60+,0
472,27,F,Widowed,Low,2217.28,9,0.0,0.0,2023-12-30,6,Mobile App,0,Not Churned,<30,2
473,18,M,Married,Low,251.46,3,0.0,0.0,2023-01-17,23,Online Banking,0,Not Churned,<30,4
474,37,M,Widowed,Low,2460.07,9,2.0,1.0,2023-03-15,47,Online Banking,0,Not Churned,30-40,5
475,54,F,Married,High,1635.13,6,1.0,0.0,2023-05-08,35,Mobile App,0,Not Churned,50-60,0
476,35,M,Widowed,Medium,2145.93,8,1.0,0.0,2023-01-30,34,Mobile App,0,Not Churned,30-40,5
477,38,M,Widowed,Medium,806.96,6,0.0,0.0,2023-11-20,38,Online Banking,0,Not Churned,30-40,5
478,66,M,Single,Low,1615.84,5,0.0,0.0,2023-07-16,34,Mobile App,1,Churned,60+,1
479,21,F,Widowed,Low,1184.28,5,2.0,1.0,2023-09-03,11,Website,0,Not Churned,<30,2
480,60,M,Widowed,Medium,1351.01,8,1.0,1.0,2023-06-09,6,Website,1,Churned,50-60,5
481,19,F,Widowed,Medium,3386.04,9,1.0,0.0,2023-07-19,32,Website,0,Not Churned,<30,2
482,38,M,Single,Medium,2624.42,9,2.0,0.0,2023-01-25,35,Website,1,Churned,30-40,1
483,54,F,Divorced,Medium,1262.48,6,1.0,1.0,2023-03-23,34,Mobile App,0,Not Churned,50-60,3
484,22,M,Divorced,Low,988.39,7,0.0,0.0,2023-04-13,43,Mobile App,0,Not Churned,<30,6
485,34,M,Single,Medium,2129.71,7,1.0,0.0,2023-09-15,28,Mobile App,0,Not Churned,30-40,1
486,66,F,Widowed,Low,758.73,4,2.0,1.0,2023-08-18,5,Online Banking,0,Not Churned,60+,2
487,65,F,Widowed,Low,1624.23,7,2.0,1.0,2023-10-11,34,Mobile App,0,Not Churned,60+,2
488,28,F,Married,Medium,393.84,1,0.0,0.0,2023-06-14,33,Mobile App,1,Churned,<30,0
489,63,M,Divorced,High,1101.11,6,0.0,0.0,2023-11-23,12,Online Banking,0,Not Churned,60+,6
490,58,F,Widowed,Low,2063.08,7,2.0,1.0,2023-02-28,40,Online Banking,0,Not Churned,50-60,2
491,48,M,Widowed,Medium,1483.12,6,1.0,0.0,2023-11-30,44,Website,1,Churned,40-50,5
492,45,F,Divorced,Low,1491.8,5,0.0,0.0,2023-01-06,38,Online Banking,0,Not Churned,40-50,3
493,61,M,Widowed,High,976.0,4,0.0,0.0,2023-08-29,44,Online Banking,0,Not Churned,60+,5
494,49,M,Single,Medium,269.73,1,1.0,0.0,2023-10-08,12,Mobile App,0,Not Churned,40-50,1
495,38,M,Widowed,Low,1738.14,6,1.0,1.0,2023-01-07,37,Online Banking,0,Not Churned,30-40,5
496,24,F,Widowed,High,216.79,2,1.0,0.0,2023-12-29,1,Website,0,Not Churned,<30,2
497,27,M,Divorced,High,1554.77,6,2.0,2.0,2023-08-30,40,Mobile App,0,Not Churned,<30,6
498,45,F,Single,Low,763.91,2,0.0,0.0,2023-06-28,5,Website,1,Churned,40-50,7
499,65,M,Married,Medium,458.77,2,1.0,0.0,2023-11-30,2,Mobile App,0,Not Churned,60+,4
500,53,M,Divorced,Medium,2429.2200000000003,9,0.0,0.0,2023-11-22,46,Online Banking,0,Not Churned,50-60,6
501,37,M,Married,Low,1317.1799999999998,8,0.0,0.0,2023-04-15,25,Online Banking,0,Not Churned,30-40,4
502,30,M,Married,High,703.3299999999999,4,2.0,2.0,2023-09-20,38,Mobile App,0,Not Churned,<30,4
503,36,F,Single,High,1336.58,6,0.0,0.0,2023-12-07,25,Website,0,Not Churned,30-40,7
504,67,M,Married,High,551.93,3,1.0,1.0,2023-11-04,48,Mobile App,0,Not Churned,60+,4
505,28,M,Single,High,2312.7,7,2.0,1.0,2023-06-23,22,Mobile App,0,Not Churned,<30,1
506,52,F,Widowed,Low,1009.74,4,2.0,2.0,2023-08-10,1,Online Banking,1,Churned,50-60,2
507,51,M,Single,High,2325.03,9,2.0,1.0,2023-10-15,25,Online Banking,1,Churned,50-60,1
508,61,F,Divorced,Low,1536.61,5,0.0,0.0,2023-10-21,33,Online Banking,0,Not Churned,60+,3
509,21,F,Married,Medium,2446.54,9,1.0,1.0,2023-08-08,22,Website,1,Churned,<30,0
510,30,M,Single,Medium,392.1,1,1.0,1.0,2023-07-04,31,Mobile App,1,Churned,<30,1
511,54,M,Divorced,High,2027.88,9,1.0,0.0,2023-02-12,19,Online Banking,1,Churned,50-60,6
512,19,F,Single,High,1362.35,5,0.0,0.0,2023-08-02,48,Mobile App,0,Not Churned,<30,7
513,67,F,Married,High,172.81,1,0.0,0.0,2023-06-18,18,Online Banking,0,Not Churned,60+,0
514,18,F,Married,Medium,1606.29,6,0.0,0.0,2023-07-23,1,Mobile App,0,Not Churned,<30,0
515,57,F,Divorced,Low,1639.58,6,0.0,0.0,2023-01-06,19,Online Banking,0,Not Churned,50-60,3
516,42,F,Divorced,Low,612.22,3,0.0,0.0,2023-12-28,14,Mobile App,1,Churned,40-50,3
517,54,F,Divorced,Low,1073.98,5,0.0,0.0,2023-01-11,11,Online Banking,0,Not Churned,50-60,3
518,53,F,Divorced,High,3078.6,9,2.0,1.0,2023-09-25,8,Mobile App,1,Churned,50-60,3
519,23,F,Divorced,Low,1894.4,9,2.0,1.0,2023-06-09,18,Mobile App,0,Not Churned,<30,3
520,24,M,Married,High,1959.29,5,2.0,0.0,2023-07-16,9,Mobile App,0,Not Churned,<30,4
521,21,F,Widowed,Medium,645.75,2,2.0,1.0,2023-02-09,43,Website,1,Churned,<30,2
522,52,M,Divorced,Low,2557.54,9,2.0,1.0,2023-09-15,28,Website,0,Not Churned,50-60,6
523,58,M,Widowed,High,2090.02,9,0.0,0.0,2023-08-22,11,Mobile App,0,Not Churned,50-60,5
524,51,F,Divorced,Low,2565.36,9,1.0,1.0,2023-10-30,49,Online Banking,0,Not Churned,50-60,3
525,46,F,Divorced,Medium,462.44,4,1.0,1.0,2023-12-07,41,Website,0,Not Churned,40-50,3
526,22,M,Divorced,Low,446.32,4,1.0,0.0,2023-02-14,30,Online Banking,0,Not Churned,<30,6
527,44,M,Married,Low,343.51,3,0.0,0.0,2023-12-28,44,Online Banking,0,Not Churned,40-50,4
528,50,F,Widowed,Medium,1353.55,6,1.0,0.0,2023-05-16,27,Online Banking,0,Not Churned,40-50,2
529,63,F,Married,High,2333.7200000000003,8,1.0,1.0,2023-05-18,26,Online Banking,0,Not Churned,60+,0
530,69,F,Single,High,1311.64,6,0.0,0.0,2023-12-06,49,Mobile App,1,Churned,60+,7
531,27,F,Divorced,High,2008.12,9,1.0,1.0,2023-11-09,12,Online Banking,1,Churned,<30,3
532,23,M,Divorced,Low,2372.58,8,2.0,1.0,2023-10-22,38,Website,0,Not Churned,<30,6
533,51,M,Widowed,Low,388.31,1,1.0,1.0,2023-10-29,27,Mobile App,0,Not Churned,50-60,5
534,25,M,Married,High,536.31,3,2.0,2.0,2023-08-16,37,Mobile App,0,Not Churned,<30,4
535,48,M,Married,High,2145.98,8,0.0,0.0,2023-06-26,17,Mobile App,0,Not Churned,40-50,4
536,26,M,Married,Low,1639.36,4,1.0,1.0,2023-11-10,46,Mobile App,0,Not Churned,<30,4
537,38,M,Divorced,High,2067.57,6,0.0,0.0,2023-05-27,9,Online Banking,1,Churned,30-40,6
538,25,M,Widowed,High,651.88,2,2.0,1.0,2023-06-13,6,Online Banking,0,Not Churned,<30,5
539,21,F,Single,Low,1286.35,6,2.0,1.0,2023-09-22,13,Mobile App,0,Not Churned,<30,7
540,39,F,Single,Medium,649.47,2,1.0,1.0,2023-01-17,6,Online Banking,0,Not Churned,30-40,7
541,45,F,Married,Low,185.03,2,2.0,1.0,2023-09-22,38,Mobile App,0,Not Churned,40-50,0
542,62,F,Widowed,High,344.77,3,0.0,0.0,2023-07-07,4,Mobile App,0,Not Churned,60+,2
543,21,M,Married,High,939.83,5,1.0,1.0,2023-08-25,16,Online Banking,1,Churned,<30,4
544,56,M,Married,Medium,1099.45,4,1.0,1.0,2023-02-21,36,Website,0,Not Churned,50-60,4
545,38,F,Married,Medium,452.87,2,2.0,0.0,2023-10-08,43,Website,1,Churned,30-40,0
546,25,M,Single,Low,575.05,2,2.0,0.0,2023-02-10,14,Online Banking,0,Not Churned,<30,1
547,37,M,Single,Medium,716.14,3,0.0,0.0,2023-01-22,29,Website,0,Not Churned,30-40,1
548,49,M,Married,High,2116.14,9,0.0,0.0,2023-11-29,24,Website,0,Not Churned,40-50,4
549,18,M,Widowed,High,358.67,2,0.0,0.0,2023-09-02,39,Mobile App,0,Not Churned,<30,5
550,23,F,Single,High,2140.26,8,2.0,1.0,2023-12-30,39,Online Banking,0,Not Churned,<30,7
551,45,F,Married,High,3027.91,9,2.0,2.0,2023-01-03,45,Mobile App,0,Not Churned,40-50,0
552,61,F,Single,Medium,1049.96,3,0.0,0.0,2023-02-05,25,Website,0,Not Churned,60+,7
553,48,F,Divorced,High,2125.61,7,0.0,0.0,2023-11-24,46,Website,0,Not Churned,40-50,3
554,27,M,Divorced,High,1822.54,6,1.0,0.0,2023-09-25,46,Mobile App,0,Not Churned,<30,6
555,37,F,Single,High,393.99,2,0.0,0.0,2023-11-09,3,Website,0,Not Churned,30-40,7
556,25,M,Married,Low,2132.54,7,1.0,0.0,2023-02-09,42,Online Banking,0,Not Churned,<30,4
557,39,F,Single,Low,1179.98,3,2.0,1.0,2023-12-02,27,Online Banking,0,Not Churned,30-40,7
558,55,M,Widowed,High,1722.97,6,0.0,0.0,2023-10-24,12,Online Banking,0,Not Churned,50-60,5
559,46,F,Married,Medium,2151.66,7,1.0,1.0,2023-08-15,43,Website,0,Not Churned,40-50,0
560,26,M,Married,Medium,203.34,2,0.0,0.0,2023-12-20,2,Mobile App,1,Churned,<30,4
561,61,M,Married,Low,1369.4,6,1.0,0.0,2023-10-22,38,Online Banking,0,Not Churned,60+,4
562,64,M,Married,Low,2160.95,9,0.0,0.0,2023-05-13,26,Online Banking,1,Churned,60+,4
563,18,M,Widowed,Medium,1090.13,5,0.0,0.0,2023-06-12,29,Mobile App,0,Not Churned,<30,5
564,58,M,Single,Low,1859.23,7,0.0,0.0,2023-06-06,45,Online Banking,0,Not Churned,50-60,1
565,69,M,Single,Low,2436.25,6,2.0,1.0,2023-04-22,30,Website,1,Churned,60+,1
566,56,M,Divorced,High,1867.21,7,0.0,0.0,2023-06-15,38,Online Banking,0,Not Churned,50-60,6
567,43,M,Married,Medium,472.36,1,0.0,0.0,2023-11-27,41,Online Banking,0,Not Churned,40-50,4
568,28,M,Divorced,High,1051.21,3,1.0,0.0,2023-08-16,32,Online Banking,0,Not Churned,<30,6
569,69,F,Widowed,Low,1550.85,6,1.0,0.0,2023-11-22,38,Online Banking,0,Not Churned,60+,2
570,52,F,Single,Low,2358.04,7,2.0,1.0,2023-08-04,21,Mobile App,0,Not Churned,50-60,7
571,41,F,Single,Low,962.48,3,1.0,1.0,2023-04-25,8,Website,0,Not Churned,40-50,7
572,50,F,Married,Low,538.06,2,0.0,0.0,2023-01-26,6,Website,0,Not Churned,40-50,0
573,37,F,Single,Medium,1331.4,5,0.0,0.0,2023-01-23,4,Website,0,Not Churned,30-40,7
574,44,M,Widowed,Medium,2437.4,9,1.0,0.0,2023-04-01,17,Mobile App,1,Churned,40-50,5
575,32,F,Widowed,Medium,1550.26,9,2.0,1.0,2023-07-10,21,Mobile App,0,Not Churned,30-40,2
576,50,F,Married,Medium,755.9300000000001,4,2.0,2.0,2023-12-21,4,Website,1,Churned,40-50,0
577,69,M,Divorced,High,2373.23,8,1.0,1.0,2023-04-25,35,Website,1,Churned,60+,6
578,24,F,Married,High,715.6,3,1.0,0.0,2023-04-23,30,Mobile App,0,Not Churned,<30,0
579,51,F,Widowed,High,402.41,2,0.0,0.0,2023-05-23,27,Online Banking,1,Churned,50-60,2
580,62,M,Single,Low,232.75,2,2.0,1.0,2023-12-01,12,Website,0,Not Churned,60+,1
581,68,F,Single,Medium,407.66,2,1.0,1.0,2023-03-25,48,Mobile App,0,Not Churned,60+,7
582,63,F,Single,Medium,1876.36,7,0.0,0.0,2023-10-18,20,Online Banking,0,Not Churned,60+,7
583,59,M,Widowed,Medium,783.96,4,0.0,0.0,2023-02-15,40,Online Banking,0,Not Churned,50-60,5
584,22,M,Divorced,High,1677.08,7,2.0,1.0,2023-11-07,44,Online Banking,0,Not Churned,<30,6
585,47,M,Married,Low,1709.36,6,2.0,0.0,2023-04-08,41,Online Banking,0,Not Churned,40-50,4
586,45,M,Divorced,Low,1667.53,5,1.0,1.0,2023-11-14,33,Online Banking,1,Churned,40-50,6
587,35,F,Single,Low,623.49,3,1.0,0.0,2023-04-01,10,Website,0,Not Churned,30-40,7
588,53,F,Married,High,1726.51,8,2.0,1.0,2023-11-21,5,Mobile App,1,Churned,50-60,0
589,20,F,Widowed,Medium,2356.94,9,2.0,1.0,2023-04-20,11,Mobile App,1,Churned,<30,2
590,38,M,Widowed,High,1383.59,9,0.0,0.0,2023-10-14,21,Mobile App,0,Not Churned,30-40,5
591,63,F,Divorced,Medium,215.12,1,2.0,1.0,2023-04-23,20,Online Banking,0,Not Churned,60+,3
592,33,M,Married,Low,2642.14,8,0.0,0.0,2023-02-03,44,Mobile App,0,Not Churned,30-40,4
593,54,F,Single,Medium,2959.62,9,1.0,0.0,2023-01-04,9,Online Banking,0,Not Churned,50-60,7
594,59,M,Divorced,Low,2544.69,9,2.0,1.0,2023-06-09,30,Mobile App,0,Not Churned,50-60,6
595,22,F,Widowed,Low,2270.36,8,1.0,0.0,2023-04-23,48,Online Banking,0,Not Churned,<30,2
596,67,F,Married,Low,1346.76,5,0.0,0.0,2023-06-07,4,Mobile App,0,Not Churned,60+,0
597,68,M,Married,Medium,1726.9,7,1.0,1.0,2023-10-17,9,Website,0,Not Churned,60+,4
598,31,M,Widowed,High,1906.1,7,0.0,0.0,2023-07-09,40,Online Banking,0,Not Churned,30-40,5
599,48,M,Single,Low,2347.42,9,2.0,0.0,2023-12-16,3,Website,0,Not Churned,40-50,1
600,63,F,Single,Medium,865.0,4,1.0,1.0,2023-11-22,38,Online Banking,0,Not Churned,60+,7
601,41,F,Widowed,Low,2473.79,8,2.0,1.0,2023-09-11,25,Website,0,Not Churned,40-50,2
602,52,M,Widowed,Medium,1158.83,9,0.0,0.0,2023-05-13,37,Mobile App,1,Churned,50-60,5
603,53,M,Single,High,1476.4,5,0.0,0.0,2023-06-16,30,Mobile App,0,Not Churned,50-60,1
604,27,M,Divorced,Low,437.93,3,2.0,1.0,2023-05-06,31,Website,0,Not Churned,<30,6
605,44,M,Divorced,Low,1187.98,4,0.0,0.0,2023-01-13,17,Mobile App,1,Churned,40-50,6
606,44,F,Married,Low,271.99,1,0.0,0.0,2023-10-03,10,Website,0,Not Churned,40-50,0
607,40,M,Married,High,1489.51,5,1.0,1.0,2023-01-16,8,Mobile App,1,Churned,30-40,4
608,30,M,Divorced,Medium,2463.96,9,1.0,1.0,2023-01-14,2,Mobile App,0,Not Churned,<30,6
609,33,F,Married,Low,110.77,1,2.0,1.0,2023-12-21,32,Website,0,Not Churned,30-40,0
610,52,F,Divorced,Low,1504.22,5,0.0,0.0,2023-12-07,11,Mobile App,0,Not Churned,50-60,3
611,44,M,Married,High,624.87,3,1.0,1.0,2023-10-11,10,Online Banking,0,Not Churned,40-50,4
612,69,F,Divorced,Medium,1688.29,7,2.0,0.0,2023-12-17,41,Online Banking,0,Not Churned,60+,3
613,56,M,Married,High,612.18,3,0.0,0.0,2023-08-26,32,Online Banking,0,Not Churned,50-60,4
614,64,F,Married,High,1239.16,3,1.0,0.0,2023-03-25,24,Mobile App,1,Churned,60+,0
615,34,F,Divorced,Low,481.68,3,2.0,1.0,2023-08-11,7,Online Banking,0,Not Churned,30-40,3
616,65,M,Single,Medium,1674.35,8,1.0,1.0,2023-08-14,29,Online Banking,1,Churned,60+,1
617,58,F,Divorced,Low,2146.58,7,0.0,0.0,2023-01-22,2,Online Banking,1,Churned,50-60,3
618,18,M,Divorced,Low,1025.54,7,2.0,0.0,2023-11-20,16,Mobile App,1,Churned,<30,6
619,28,M,Widowed,High,244.19,1,1.0,1.0,2023-04-27,31,Online Banking,1,Churned,<30,5
620,29,F,Single,High,694.35,3,1.0,1.0,2023-02-25,12,Online Banking,0,Not Churned,<30,7
621,31,F,Married,Low,204.8,2,1.0,0.0,2023-08-15,32,Online Banking,0,Not Churned,30-40,0
622,25,M,Single,High,754.54,5,1.0,1.0,2023-10-01,47,Online Banking,0,Not Churned,<30,1
623,48,F,Single,High,1074.25,7,2.0,2.0,2023-04-12,41,Online Banking,0,Not Churned,40-50,7
624,24,F,Single,Medium,934.44,4,0.0,0.0,2023-11-19,18,Website,0,Not Churned,<30,7
625,63,F,Widowed,Low,2452.39,9,0.0,0.0,2023-08-03,3,Mobile App,1,Churned,60+,2
626,48,M,Widowed,Low,2416.9,8,0.0,0.0,2023-02-27,16,Website,0,Not Churned,40-50,5
627,33,F,Married,Medium,1929.48,6,1.0,0.0,2023-11-16,49,Website,1,Churned,30-40,0
628,59,F,Divorced,High,67.65,1,1.0,0.0,2023-01-16,42,Website,0,Not Churned,50-60,3
629,56,M,Single,Medium,657.3699999999999,3,2.0,1.0,2023-01-07,18,Online Banking,0,Not Churned,50-60,1
630,61,F,Married,Medium,942.44,2,1.0,1.0,2023-08-17,44,Website,1,Churned,60+,0
631,36,M,Married,Medium,238.83,1,2.0,1.0,2023-07-23,15,Website,0,Not Churned,30-40,4
632,25,M,Widowed,High,1060.86,6,1.0,1.0,2023-11-28,41,Online Banking,0,Not Churned,<30,5
633,46,M,Divorced,Medium,1985.72,8,2.0,2.0,2023-11-04,37,Online Banking,0,Not Churned,40-50,6
634,19,M,Divorced,Low,1053.54,4,2.0,2.0,2023-04-21,23,Mobile App,0,Not Churned,<30,6
635,59,F,Widowed,High,1574.74,5,1.0,1.0,2023-12-10,26,Online Banking,0,Not Churned,50-60,2
636,20,M,Single,Medium,1041.72,5,2.0,1.0,2023-09-27,7,Online Banking,0,Not Churned,<30,1
637,68,M,Widowed,Medium,1629.96,8,1.0,0.0,2023-04-26,48,Online Banking,0,Not Churned,60+,5
638,46,M,Married,Medium,194.63,2,0.0,0.0,2023-04-30,21,Website,0,Not Churned,40-50,4
639,32,F,Widowed,Medium,1874.22,8,1.0,1.0,2023-03-30,29,Website,0,Not Churned,30-40,2
640,55,M,Divorced,Medium,2408.65,8,2.0,1.0,2023-11-24,45,Website,0,Not Churned,50-60,6
641,45,M,Single,Medium,1717.5700000000002,9,2.0,1.0,2023-06-15,7,Online Banking,1,Churned,40-50,1
642,54,M,Married,Low,1587.38,6,1.0,1.0,2023-08-15,6,Online Banking,0,Not Churned,50-60,4
643,49,M,Married,High,1060.42,7,0.0,0.0,2023-09-17,27,Online Banking,1,Churned,40-50,4
644,47,M,Divorced,Low,266.05,2,1.0,0.0,2023-09-11,43,Mobile App,1,Churned,40-50,6
645,68,M,Widowed,Medium,328.56,1,2.0,1.0,2023-06-28,46,Website,0,Not Churned,60+,5
646,64,M,Married,Medium,163.69,1,0.0,0.0,2023-02-23,17,Website,1,Churned,60+,4
647,47,M,Widowed,Medium,12.46,1,2.0,1.0,2023-03-11,24,Mobile App,0,Not Churned,40-50,5
648,68,M,Married,Low,1028.17,3,1.0,0.0,2023-08-11,28,Website,0,Not Churned,60+,4
649,51,M,Divorced,Medium,759.5699999999999,4,1.0,1.0,2023-07-01,26,Website,0,Not Churned,50-60,6
650,30,M,Married,Low,499.67,2,1.0,0.0,2023-08-30,38,Online Banking,1,Churned,<30,4
651,50,M,Married,High,1467.02,7,0.0,0.0,2023-05-17,26,Online Banking,0,Not Churned,40-50,4
652,59,F,Single,Low,1245.86,5,2.0,2.0,2023-05-18,40,Website,0,Not Churned,50-60,7
653,34,F,Married,Low,392.17,1,1.0,0.0,2023-03-30,1,Mobile App,0,Not Churned,30-40,0
654,20,M,Divorced,High,1437.17,9,1.0,0.0,2023-02-19,19,Mobile App,0,Not Churned,<30,6
655,26,F,Married,Medium,2097.25,9,2.0,2.0,2023-01-31,26,Mobile App,0,Not Churned,<30,0
656,69,F,Divorced,Low,1567.52,7,0.0,0.0,2023-07-10,35,Mobile App,0,Not Churned,60+,3
657,28,F,Widowed,High,1135.3,5,1.0,0.0,2023-12-07,16,Online Banking,1,Churned,<30,2
658,66,M,Divorced,Low,1132.79,6,1.0,1.0,2023-06-25,13,Mobile App,1,Churned,60+,6
659,44,F,Widowed,Low,1658.16,6,2.0,1.0,2023-09-25,10,Website,0,Not Churned,40-50,2
660,45,F,Married,High,2676.26,8,2.0,1.0,2023-08-13,8,Mobile App,0,Not Churned,40-50,0
661,19,M,Divorced,Low,1579.69,8,0.0,0.0,2023-10-12,27,Mobile App,0,Not Churned,<30,6
662,18,F,Single,High,758.41,4,0.0,0.0,2023-09-01,26,Mobile App,0,Not Churned,<30,7
663,23,F,Divorced,Low,1160.99,6,1.0,1.0,2023-04-12,3,Mobile App,0,Not Churned,<30,3
664,42,F,Widowed,Medium,1972.94,6,1.0,1.0,2023-08-24,45,Online Banking,0,Not Churned,40-50,2
665,52,F,Widowed,High,1405.19,5,1.0,1.0,2023-06-15,36,Online Banking,0,Not Churned,50-60,2
666,33,M,Single,Medium,474.38,1,0.0,0.0,2023-10-22,41,Online Banking,0,Not Churned,30-40,1
667,21,F,Divorced,Low,1442.15,6,1.0,0.0,2023-10-19,8,Online Banking,0,Not Churned,<30,3
668,64,M,Married,Medium,1668.59,7,1.0,1.0,2023-06-03,32,Website,0,Not Churned,60+,4
669,55,F,Divorced,High,2232.41,8,2.0,1.0,2023-11-06,19,Website,0,Not Churned,50-60,3
670,61,F,Divorced,Low,143.34,1,0.0,0.0,2023-04-02,12,Online Banking,0,Not Churned,60+,3
671,37,F,Divorced,High,2587.47,9,1.0,0.0,2023-02-28,45,Online Banking,0,Not Churned,30-40,3
672,42,F,Single,Low,77.31,1,2.0,0.0,2023-04-01,45,Mobile App,0,Not Churned,40-50,7
673,24,F,Single,Medium,1779.5,8,2.0,0.0,2023-07-02,13,Mobile App,0,Not Churned,<30,7
674,38,M,Single,Medium,2314.49,9,2.0,1.0,2023-01-23,44,Online Banking,1,Churned,30-40,1
675,24,M,Single,High,2461.3,9,2.0,0.0,2023-06-07,48,Online Banking,0,Not Churned,<30,1
676,46,M,Single,High,923.55,5,0.0,0.0,2023-11-16,45,Mobile App,0,Not Churned,40-50,1
677,69,F,Married,Low,308.82,1,2.0,1.0,2023-07-05,7,Website,1,Churned,60+,0
678,24,M,Divorced,High,864.3,4,1.0,0.0,2023-04-22,47,Online Banking,0,Not Churned,<30,6
679,20,F,Divorced,High,1700.3,7,2.0,1.0,2023-08-31,47,Website,0,Not Churned,<30,3
680,46,M,Married,Medium,2490.85,9,0.0,0.0,2023-12-24,16,Website,0,Not Churned,40-50,4
681,46,M,Married,High,1463.19,4,0.0,0.0,2023-06-22,32,Mobile App,0,Not Churned,40-50,4
682,56,M,Married,High,1084.11,5,1.0,0.0,2023-09-14,9,Mobile App,1,Churned,50-60,4
683,55,F,Married,Low,1383.28,5,2.0,1.0,2023-08-19,26,Online Banking,0,Not Churned,50-60,0
684,23,M,Single,Medium,1240.94,5,1.0,0.0,2023-07-24,48,Mobile App,0,Not Churned,<30,1
685,63,F,Divorced,Medium,534.74,2,0.0,0.0,2023-07-27,40,Website,1,Churned,60+,3
686,27,M,Married,Low,1019.67,4,0.0,0.0,2023-07-29,47,Website,0,Not Churned,<30,4
687,54,F,Widowed,Medium,1446.69,9,1.0,0.0,2023-11-24,20,Online Banking,0,Not Churned,50-60,2
688,31,F,Married,Low,2281.4700000000003,9,2.0,1.0,2023-10-05,6,Website,0,Not Churned,30-40,0
689,39,F,Divorced,Low,897.51,4,0.0,0.0,2023-01-24,11,Mobile App,0,Not Churned,30-40,3
690,49,F,Widowed,High,638.06,3,0.0,0.0,2023-12-22,29,Online Banking,0,Not Churned,40-50,2
691,35,F,Married,High,683.19,2,0.0,0.0,2023-01-11,7,Mobile App,1,Churned,30-40,0
692,53,F,Single,Low,1421.26,5,0.0,0.0,2023-06-24,29,Website,0,Not Churned,50-60,7
693,63,F,Single,High,2154.62,8,1.0,0.0,2023-10-01,43,Mobile App,0,Not Churned,60+,7
694,69,F,Widowed,High,1500.44,7,0.0,0.0,2023-01-12,4,Online Banking,0,Not Churned,60+,2
695,26,F,Single,Medium,2615.4300000000003,9,2.0,1.0,2023-02-09,24,Mobile App,1,Churned,<30,7
696,43,F,Widowed,Medium,55.77,1,1.0,1.0,2023-02-10,3,Website,1,Churned,40-50,2
697,39,M,Married,High,489.1,2,0.0,0.0,2023-07-11,12,Online Banking,0,Not Churned,30-40,4
698,63,F,Divorced,Low,273.02,2,0.0,0.0,2023-07-03,35,Website,0,Not Churned,60+,3
699,55,M,Widowed,Low,994.16,4,0.0,0.0,2023-02-14,8,Mobile App,1,Churned,50-60,5
700,40,M,Married,High,2810.28,8,2.0,1.0,2023-12-18,38,Online Banking,0,Not Churned,30-40,4
701,34,F,Widowed,High,2395.1,9,0.0,0.0,2023-01-18,41,Online Banking,0,Not Churned,30-40,2
702,43,M,Divorced,Low,681.77,5,0.0,0.0,2023-12-31,38,Mobile App,1,Churned,40-50,6
703,64,F,Single,Medium,1289.55,7,2.0,0.0,2023-09-16,15,Mobile App,0,Not Churned,60+,7
704,55,F,Single,Medium,948.68,3,0.0,0.0,2023-11-03,5,Website,0,Not Churned,50-60,7
705,19,M,Widowed,Low,1783.47,7,2.0,2.0,2023-05-16,40,Website,0,Not Churned,<30,5
706,23,F,Divorced,High,104.0,1,1.0,1.0,2023-03-27,16,Online Banking,0,Not Churned,<30,3
707,24,M,Married,Medium,35.24,1,1.0,1.0,2023-01-02,46,Online Banking,0,Not Churned,<30,4
708,30,M,Married,Low,807.48,3,1.0,1.0,2023-09-29,28,Website,0,Not Churned,<30,4
709,44,M,Married,High,346.94,1,0.0,0.0,2023-07-21,13,Mobile App,0,Not Churned,40-50,4
710,28,M,Widowed,High,1373.66,6,0.0,0.0,2023-04-29,41,Website,0,Not Churned,<30,5
711,32,F,Single,Medium,391.99,1,1.0,1.0,2023-02-26,11,Website,0,Not Churned,30-40,7
712,26,F,Widowed,High,1159.39,5,2.0,0.0,2023-11-30,37,Mobile App,0,Not Churned,<30,2
713,25,F,Widowed,Low,1792.54,8,1.0,0.0,2023-03-12,3,Website,0,Not Churned,<30,2
714,63,M,Widowed,Low,1170.32,8,0.0,0.0,2023-09-08,8,Mobile App,0,Not Churned,60+,5
715,23,F,Married,Low,555.91,2,1.0,1.0,2023-06-02,38,Online Banking,0,Not Churned,<30,0
716,65,M,Divorced,Low,3220.3,9,2.0,1.0,2023-01-11,47,Mobile App,1,Churned,60+,6
717,60,M,Widowed,High,1950.63,7,2.0,2.0,2023-05-03,34,Website,0,Not Churned,50-60,5
718,21,M,Married,Low,1845.21,6,1.0,1.0,2023-07-12,38,Mobile App,0,Not Churned,<30,4
719,28,M,Widowed,Medium,434.86,2,0.0,0.0,2023-12-16,42,Online Banking,0,Not Churned,<30,5
720,68,M,Widowed,High,1551.13,6,2.0,1.0,2023-01-30,24,Website,0,Not Churned,60+,5
721,45,M,Married,High,921.33,5,0.0,0.0,2023-04-28,18,Website,0,Not Churned,40-50,4
722,43,F,Divorced,High,814.74,3,1.0,1.0,2023-04-03,25,Website,0,Not Churned,40-50,3
723,21,F,Divorced,Low,2143.56,7,2.0,0.0,2023-06-02,13,Website,0,Not Churned,<30,3
724,32,F,Single,High,477.73,2,1.0,1.0,2023-10-24,39,Website,0,Not Churned,30-40,7
725,36,M,Widowed,Low,627.29,2,0.0,0.0,2023-10-14,22,Mobile App,0,Not Churned,30-40,5
726,23,M,Single,Low,2048.2,8,1.0,0.0,2023-08-29,30,Online Banking,0,Not Churned,<30,1
727,22,F,Married,High,1252.1,6,0.0,0.0,2023-08-13,30,Mobile App,0,Not Churned,<30,0
728,35,F,Widowed,High,1552.44,5,1.0,1.0,2023-05-05,37,Website,0,Not Churned,30-40,2
729,23,F,Married,Low,161.07,2,1.0,0.0,2023-02-09,45,Mobile App,0,Not Churned,<30,0
730,48,M,Single,High,1247.79,6,1.0,0.0,2023-12-20,43,Website,0,Not Churned,40-50,1
731,42,F,Married,High,1559.5,8,0.0,0.0,2023-12-20,15,Online Banking,0,Not Churned,40-50,0
732,21,F,Married,Low,1865.72,9,1.0,1.0,2023-12-16,35,Mobile App,0,Not Churned,<30,0
733,23,M,Divorced,Low,681.14,3,2.0,2.0,2023-01-15,6,Online Banking,1,Churned,<30,6
734,58,M,Widowed,High,1047.12,5,2.0,1.0,2023-09-04,11,Mobile App,0,Not Churned,50-60,5
735,54,F,Widowed,Low,2165.49,8,2.0,1.0,2023-10-05,28,Website,0,Not Churned,50-60,2
736,67,F,Widowed,Low,576.3,3,1.0,1.0,2023-03-03,30,Website,0,Not Churned,60+,2
737,42,M,Married,Medium,2132.05,9,2.0,1.0,2023-05-13,16,Mobile App,0,Not Churned,40-50,4
738,51,M,Divorced,High,675.36,3,2.0,2.0,2023-05-25,28,Mobile App,0,Not Churned,50-60,6
739,36,M,Single,High,338.97,2,0.0,0.0,2023-10-07,25,Online Banking,0,Not Churned,30-40,1
740,51,M,Widowed,High,2094.81,9,1.0,0.0,2023-05-27,48,Online Banking,0,Not Churned,50-60,5
741,32,F,Married,High,2317.66,8,1.0,0.0,2023-06-22,30,Website,0,Not Churned,30-40,0
742,67,F,Divorced,High,583.1,2,0.0,0.0,2023-03-30,45,Online Banking,1,Churned,60+,3
743,25,F,Divorced,Low,1118.41,4,2.0,0.0,2023-07-28,14,Online Banking,0,Not Churned,<30,3
744,61,F,Widowed,High,1132.03,6,0.0,0.0,2023-06-09,27,Website,0,Not Churned,60+,2
745,64,F,Divorced,High,2639.28,9,0.0,0.0,2023-06-10,48,Website,0,Not Churned,60+,3
746,66,M,Divorced,Medium,604.8199999999999,2,1.0,0.0,2023-12-18,30,Mobile App,0,Not Churned,60+,6
747,51,M,Married,Low,967.08,4,2.0,2.0,2023-12-02,10,Online Banking,0,Not Churned,50-60,4
748,35,F,Single,High,284.57,2,0.0,0.0,2023-02-06,20,Mobile App,1,Churned,30-40,7
749,47,M,Divorced,High,618.27,3,2.0,1.0,2023-02-26,44,Online Banking,0,Not Churned,40-50,6
750,30,F,Single,High,2600.41,8,2.0,1.0,2023-08-21,7,Website,0,Not Churned,<30,7
751,64,F,Divorced,High,1172.35,6,1.0,0.0,2023-08-24,34,Website,0,Not Churned,60+,3
752,50,F,Divorced,Low,2056.76,9,2.0,0.0,2023-12-07,27,Website,0,Not Churned,40-50,3
753,52,F,Divorced,Medium,1560.95,6,2.0,1.0,2023-06-26,23,Online Banking,1,Churned,50-60,3
754,69,M,Widowed,Medium,1122.07,4,0.0,0.0,2023-11-04,46,Website,0,Not Churned,60+,5
755,41,F,Widowed,High,539.68,3,0.0,0.0,2023-02-19,45,Website,0,Not Churned,40-50,2
756,43,F,Widowed,Medium,2081.7,6,0.0,0.0,2023-08-09,25,Mobile App,0,Not Churned,40-50,2
757,64,F,Single,Medium,1484.12,5,1.0,0.0,2023-09-06,28,Mobile App,1,Churned,60+,7
758,68,M,Single,Medium,1725.5,9,2.0,2.0,2023-08-07,18,Online Banking,0,Not Churned,60+,1
759,61,F,Widowed,Medium,575.97,2,1.0,0.0,2023-03-12,13,Website,0,Not Churned,60+,2
760,59,M,Single,Medium,477.75,1,2.0,1.0,2023-01-30,13,Online Banking,0,Not Churned,50-60,1
761,64,M,Married,Low,1309.22,9,1.0,0.0,2023-01-07,45,Online Banking,0,Not Churned,60+,4
762,18,F,Single,Low,2577.9500000000003,9,1.0,1.0,2023-11-06,34,Mobile App,1,Churned,<30,7
763,30,M,Married,Low,693.13,5,2.0,0.0,2023-04-28,14,Mobile App,1,Churned,<30,4
764,27,M,Widowed,Medium,496.99,1,0.0,0.0,2023-02-15,28,Mobile App,0,Not Churned,<30,5
765,36,F,Married,Low,1079.2,5,1.0,0.0,2023-12-07,13,Online Banking,0,Not Churned,30-40,0
766,22,F,Widowed,Medium,910.23,3,2.0,0.0,2023-07-09,34,Website,0,Not Churned,<30,2
767,25,M,Widowed,Medium,2189.69,8,0.0,0.0,2023-08-10,5,Mobile App,0,Not Churned,<30,5
768,21,F,Widowed,Low,1068.46,5,0.0,0.0,2023-08-22,40,Mobile App,0,Not Churned,<30,2
769,66,M,Single,High,1257.45,5,2.0,1.0,2023-05-26,10,Mobile App,0,Not Churned,60+,1
770,30,F,Divorced,Medium,970.67,6,2.0,2.0,2023-01-30,36,Website,0,Not Churned,<30,3
771,55,F,Divorced,Medium,1500.63,7,2.0,1.0,2023-04-13,6,Online Banking,0,Not Churned,50-60,3
772,63,F,Married,Low,1124.58,4,2.0,2.0,2023-04-30,21,Online Banking,0,Not Churned,60+,0
773,66,M,Divorced,Medium,1918.91,8,0.0,0.0,2023-07-07,35,Website,0,Not Churned,60+,6
774,63,M,Widowed,Medium,41.49,1,0.0,0.0,2023-11-24,16,Online Banking,0,Not Churned,60+,5
775,36,M,Divorced,Medium,1586.9,5,1.0,0.0,2023-08-01,20,Website,1,Churned,30-40,6
776,69,F,Married,Low,1647.73,5,2.0,1.0,2023-08-06,31,Mobile App,0,Not Churned,60+,0
777,67,M,Widowed,High,1488.0,6,0.0,0.0,2023-09-22,5,Website,1,Churned,60+,5
778,25,F,Single,High,2064.51,9,2.0,1.0,2023-07-24,6,Online Banking,0,Not Churned,<30,7
779,44,F,Widowed,Low,1563.06,6,1.0,0.0,2023-07-17,2,Mobile App,0,Not Churned,40-50,2
780,67,M,Widowed,Medium,2107.59,7,1.0,1.0,2023-10-19,39,Mobile App,0,Not Churned,60+,5
781,64,F,Married,High,548.61,2,1.0,0.0,2023-01-28,22,Mobile App,0,Not Churned,60+,0
782,47,M,Single,Low,1042.79,5,1.0,1.0,2023-09-07,11,Mobile App,1,Churned,40-50,1
783,21,F,Widowed,Low,1133.6799999999998,6,0.0,0.0,2023-08-10,15,Website,0,Not Churned,<30,2
784,28,M,Single,Medium,1567.71,4,2.0,1.0,2023-08-09,13,Online Banking,0,Not Churned,<30,1
785,38,F,Widowed,Medium,1960.77,7,1.0,0.0,2023-10-08,33,Online Banking,0,Not Churned,30-40,2
786,60,F,Widowed,Low,2141.4,9,2.0,1.0,2023-09-10,46,Mobile App,0,Not Churned,50-60,2
787,19,M,Married,Low,1255.38,8,2.0,1.0,2023-05-10,14,Website,0,Not Churned,<30,4
788,38,M,Widowed,Low,1041.15,5,0.0,0.0,2023-08-20,39,Online Banking,1,Churned,30-40,5
789,34,F,Widowed,High,1755.6999999999998,8,2.0,0.0,2023-09-20,2,Website,1,Churned,30-40,2
790,60,M,Widowed,Medium,2782.16,9,1.0,0.0,2023-04-28,10,Website,0,Not Churned,50-60,5
791,68,F,Divorced,Low,441.32,2,2.0,0.0,2023-12-21,42,Website,1,Churned,60+,3
792,46,F,Single,Medium,1381.17,5,2.0,1.0,2023-08-06,30,Online Banking,0,Not Churned,40-50,7
793,44,F,Married,High,1189.15,6,1.0,0.0,2023-10-14,32,Website,0,Not Churned,40-50,0
794,41,F,Married,Low,2430.75,6,2.0,0.0,2023-05-23,9,Website,0,Not Churned,40-50,0
795,66,F,Married,Medium,993.04,4,1.0,0.0,2023-12-31,48,Online Banking,0,Not Churned,60+,0
796,20,M,Widowed,High,2309.95,9,0.0,0.0,2023-02-09,16,Website,0,Not Churned,<30,5
797,56,M,Single,Low,922.22,4,1.0,0.0,2023-12-29,39,Website,0,Not Churned,50-60,1
798,27,M,Divorced,Medium,953.95,6,2.0,0.0,2023-05-27,5,Mobile App,0,Not Churned,<30,6
799,20,F,Divorced,Low,912.13,4,1.0,1.0,2023-01-03,46,Mobile App,1,Churned,<30,3
800,62,M,Married,Medium,1213.09,5,2.0,1.0,2023-05-28,15,Online Banking,0,Not Churned,60+,4
801,59,M,Single,Medium,1621.99,7,0.0,0.0,2023-09-05,4,Website,0,Not Churned,50-60,1
802,43,M,Divorced,High,504.29,2,2.0,1.0,2023-09-07,24,Mobile App,0,Not Churned,40-50,6
803,54,F,Married,High,2136.39,8,1.0,1.0,2023-11-14,25,Website,0,Not Churned,50-60,0
804,44,M,Divorced,High,2218.53,7,1.0,0.0,2023-12-19,37,Website,0,Not Churned,40-50,6
805,22,M,Divorced,High,1100.62,6,1.0,0.0,2023-01-17,24,Website,0,Not Churned,<30,6
806,59,M,Single,High,421.3,3,1.0,0.0,2023-08-20,42,Online Banking,1,Churned,50-60,1
807,28,F,Married,Medium,1217.41,4,0.0,0.0,2023-02-28,13,Mobile App,1,Churned,<30,0
808,30,M,Divorced,High,1759.63,6,2.0,1.0,2023-08-18,20,Online Banking,0,Not Churned,<30,6
809,58,F,Widowed,Medium,1482.36,9,0.0,0.0,2023-02-10,5,Mobile App,0,Not Churned,50-60,2
810,51,F,Widowed,Medium,1290.08,4,1.0,0.0,2023-02-17,20,Online Banking,0,Not Churned,50-60,2
811,55,M,Divorced,Low,871.11,2,1.0,0.0,2023-04-08,18,Online Banking,0,Not Churned,50-60,6
812,57,F,Single,Medium,2042.29,7,2.0,0.0,2023-03-09,39,Mobile App,1,Churned,50-60,7
813,50,M,Single,Medium,2206.29,8,0.0,0.0,2023-12-08,49,Website,0,Not Churned,40-50,1
814,51,F,Divorced,High,1650.27,9,2.0,0.0,2023-05-22,3,Online Banking,0,Not Churned,50-60,3
815,44,M,Single,Medium,493.38,2,0.0,0.0,2023-08-21,44,Online Banking,0,Not Churned,40-50,1
816,53,M,Single,High,1299.37,8,0.0,0.0,2023-10-20,31,Online Banking,0,Not Churned,50-60,1
817,43,F,Widowed,Medium,337.9,4,0.0,0.0,2023-12-17,30,Website,0,Not Churned,40-50,2
818,68,M,Married,Medium,1295.74,8,1.0,0.0,2023-03-23,41,Online Banking,0,Not Churned,60+,4
819,42,F,Married,High,985.26,5,1.0,1.0,2023-05-06,24,Website,0,Not Churned,40-50,0
820,36,M,Divorced,Low,566.46,2,0.0,0.0,2023-09-08,5,Online Banking,0,Not Churned,30-40,6
821,38,F,Divorced,Medium,304.95,2,1.0,0.0,2023-06-19,20,Mobile App,0,Not Churned,30-40,3
822,48,F,Divorced,Medium,2275.24,9,2.0,2.0,2023-01-29,24,Mobile App,0,Not Churned,40-50,3
823,46,F,Widowed,High,651.38,3,1.0,0.0,2023-12-31,17,Online Banking,1,Churned,40-50,2
824,26,F,Widowed,High,318.01,1,0.0,0.0,2023-02-04,8,Online Banking,0,Not Churned,<30,2
825,36,F,Single,Low,1087.05,9,0.0,0.0,2023-11-11,21,Website,0,Not Churned,30-40,7
826,43,M,Widowed,Low,1099.45,6,1.0,1.0,2023-07-18,14,Mobile App,1,Churned,40-50,5
827,42,M,Married,Low,2317.93,6,0.0,0.0,2023-10-09,38,Online Banking,1,Churned,40-50,4
828,57,F,Widowed,Medium,1361.59,4,1.0,1.0,2023-10-12,32,Online Banking,0,Not Churned,50-60,2
829,60,M,Divorced,Medium,144.37,1,0.0,0.0,2023-06-13,36,Online Banking,0,Not Churned,50-60,6
830,46,M,Married,High,395.99,2,0.0,0.0,2023-07-17,40,Website,0,Not Churned,40-50,4
831,42,F,Single,High,1417.95,8,1.0,1.0,2023-09-03,4,Mobile App,1,Churned,40-50,7
832,36,F,Married,High,1463.62,5,0.0,0.0,2023-08-22,21,Website,0,Not Churned,30-40,0
833,21,F,Widowed,Low,1000.79,5,1.0,1.0,2023-09-14,25,Mobile App,0,Not Churned,<30,2
834,62,F,Widowed,Low,1521.86,5,1.0,1.0,2023-11-21,45,Mobile App,0,Not Churned,60+,2
835,37,M,Single,Low,825.2,5,1.0,0.0,2023-07-21,1,Mobile App,0,Not Churned,30-40,1
836,63,M,Divorced,Medium,1130.44,6,2.0,0.0,2023-06-06,47,Mobile App,1,Churned,60+,6
837,18,F,Single,Medium,1600.01,7,0.0,0.0,2023-08-26,13,Website,0,Not Churned,<30,7
838,28,M,Single,High,1729.93,9,2.0,1.0,2023-01-03,16,Online Banking,0,Not Churned,<30,1
839,21,M,Single,Low,1182.6,5,0.0,0.0,2023-06-28,29,Mobile App,0,Not Churned,<30,1
840,24,F,Single,Medium,997.83,5,1.0,0.0,2023-06-24,39,Mobile App,0,Not Churned,<30,7
841,45,M,Widowed,Low,1829.46,8,1.0,1.0,2023-08-04,29,Website,1,Churned,40-50,5
842,53,M,Divorced,Medium,2806.69,8,1.0,0.0,2023-03-29,12,Mobile App,0,Not Churned,50-60,6
843,24,F,Married,Low,1069.53,5,1.0,0.0,2023-02-07,31,Website,0,Not Churned,<30,0
844,37,M,Divorced,Medium,1505.23,6,0.0,0.0,2023-10-31,20,Mobile App,0,Not Churned,30-40,6
845,52,M,Divorced,Medium,2238.86,8,0.0,0.0,2023-02-18,35,Online Banking,0,Not Churned,50-60,6
846,68,M,Single,Medium,1667.48,5,0.0,0.0,2023-09-19,41,Mobile App,0,Not Churned,60+,1
847,68,F,Divorced,Medium,1672.9299999999998,6,2.0,0.0,2023-11-22,28,Online Banking,0,Not Churned,60+,3
848,56,F,Single,High,690.1600000000001,2,2.0,1.0,2023-01-03,35,Mobile App,1,Churned,50-60,7
849,38,M,Married,Low,830.54,5,2.0,1.0,2023-01-20,29,Website,0,Not Churned,30-40,4
850,61,F,Single,Medium,38.12,1,0.0,0.0,2023-08-20,44,Mobile App,1,Churned,60+,7
851,18,M,Married,Medium,580.18,2,1.0,0.0,2023-01-29,39,Online Banking,0,Not Churned,<30,4
852,54,F,Divorced,Low,569.13,4,1.0,1.0,2023-09-23,29,Mobile App,0,Not Churned,50-60,3
853,63,M,Single,Medium,1178.95,3,1.0,1.0,2023-12-01,34,Website,0,Not Churned,60+,1
854,59,F,Widowed,Medium,47.85,1,2.0,1.0,2023-07-12,10,Mobile App,0,Not Churned,50-60,2
855,20,M,Married,Low,2656.16,8,2.0,1.0,2023-09-25,37,Online Banking,0,Not Churned,<30,4
856,51,M,Divorced,High,524.36,3,0.0,0.0,2023-05-18,48,Website,0,Not Churned,50-60,6
857,30,F,Married,High,379.0,1,1.0,0.0,2023-07-10,7,Mobile App,1,Churned,<30,0
858,33,M,Single,Medium,224.33,2,2.0,0.0,2023-08-08,9,Website,0,Not Churned,30-40,1
859,51,M,Widowed,High,2320.9,9,0.0,0.0,2023-07-24,16,Website,0,Not Churned,50-60,5
860,41,F,Married,High,410.36,2,2.0,1.0,2023-05-27,21,Mobile App,0,Not Churned,40-50,0
861,30,F,Married,Medium,258.79,2,1.0,0.0,2023-05-16,14,Website,0,Not Churned,<30,0
862,23,M,Married,Medium,1581.13,6,0.0,0.0,2023-03-07,2,Online Banking,0,Not Churned,<30,4
863,56,M,Divorced,High,1031.04,7,2.0,1.0,2023-10-14,26,Online Banking,0,Not Churned,50-60,6
864,19,M,Widowed,Medium,1537.15,7,0.0,0.0,2023-03-20,34,Website,0,Not Churned,<30,5
865,28,F,Widowed,Medium,2739.69,9,1.0,1.0,2023-06-10,47,Mobile App,0,Not Churned,<30,2
866,24,F,Widowed,High,440.09,2,0.0,0.0,2023-12-26,49,Website,0,Not Churned,<30,2
867,24,M,Married,Low,985.19,6,0.0,0.0,2023-12-20,18,Website,0,Not Churned,<30,4
868,56,M,Married,High,1858.01,6,0.0,0.0,2023-07-22,12,Website,0,Not Churned,50-60,4
869,56,M,Married,High,1708.06,7,2.0,1.0,2023-12-15,19,Online Banking,1,Churned,50-60,4
870,29,M,Married,High,358.81,1,1.0,1.0,2023-01-18,36,Website,0,Not Churned,<30,4
871,68,F,Single,Medium,1268.83,4,2.0,1.0,2023-09-16,38,Online Banking,0,Not Churned,60+,7
872,39,M,Single,High,2710.07,8,0.0,0.0,2023-04-30,16,Website,0,Not Churned,30-40,1
873,68,M,Divorced,Medium,868.72,3,0.0,0.0,2023-10-20,46,Website,0,Not Churned,60+,6
874,68,F,Married,Low,488.21,1,2.0,0.0,2023-12-29,8,Mobile App,0,Not Churned,60+,0
875,69,F,Divorced,High,2066.71,8,0.0,0.0,2023-12-02,9,Website,0,Not Churned,60+,3
876,20,F,Widowed,Low,1940.62,8,1.0,0.0,2023-09-20,4,Online Banking,0,Not Churned,<30,2
877,30,F,Married,High,2189.55,7,0.0,0.0,2023-05-31,36,Website,0,Not Churned,<30,0
878,47,M,Single,Medium,2181.62,8,0.0,0.0,2023-08-05,47,Website,0,Not Churned,40-50,1
879,27,M,Married,Low,328.09,1,1.0,0.0,2023-07-11,38,Online Banking,0,Not Churned,<30,4
880,69,F,Widowed,High,1311.23,7,2.0,0.0,2023-11-10,49,Online Banking,0,Not Churned,60+,2
881,26,F,Divorced,Low,189.28,1,2.0,1.0,2023-04-01,49,Website,0,Not Churned,<30,3
882,23,M,Married,Medium,745.26,3,0.0,0.0,2023-09-10,45,Website,0,Not Churned,<30,4
883,61,M,Single,Medium,776.71,7,2.0,2.0,2023-10-15,4,Website,0,Not Churned,60+,1
884,19,M,Widowed,High,2069.03,9,1.0,1.0,2023-10-05,8,Online Banking,0,Not Churned,<30,5
885,61,F,Widowed,High,2431.03,9,2.0,1.0,2023-01-09,43,Mobile App,0,Not Churned,60+,2
886,33,F,Divorced,Low,2197.83,7,1.0,0.0,2023-08-21,7,Mobile App,0,Not Churned,30-40,3
887,30,F,Married,Medium,812.28,4,2.0,1.0,2023-03-11,3,Website,0,Not Churned,<30,0
888,65,M,Single,Medium,436.94,3,1.0,1.0,2023-09-04,1,Online Banking,0,Not Churned,60+,1
889,30,M,Married,High,306.88,4,0.0,0.0,2023-01-26,4,Mobile App,0,Not Churned,<30,4
890,39,M,Single,Medium,369.47,2,2.0,0.0,2023-03-01,1,Mobile App,0,Not Churned,30-40,1
891,36,F,Divorced,Medium,1602.17,5,2.0,2.0,2023-03-15,46,Website,0,Not Churned,30-40,3
892,43,F,Widowed,Medium,183.21,1,1.0,1.0,2023-01-16,42,Mobile App,0,Not Churned,40-50,2
893,31,M,Divorced,Low,3026.91,9,2.0,1.0,2023-10-14,38,Mobile App,0,Not Churned,30-40,6
894,48,M,Widowed,Low,983.26,3,2.0,1.0,2023-08-21,37,Mobile App,0,Not Churned,40-50,5
895,46,F,Married,Low,1649.0800000000002,7,0.0,0.0,2023-09-26,12,Mobile App,0,Not Churned,40-50,0
896,62,F,Widowed,Medium,1403.03,8,1.0,0.0,2023-11-22,42,Online Banking,0,Not Churned,60+,2
897,59,F,Single,High,2125.28,8,2.0,2.0,2023-08-21,10,Mobile App,0,Not Churned,50-60,7
898,39,M,Divorced,High,2794.0,9,1.0,1.0,2023-01-09,47,Online Banking,0,Not Churned,30-40,6
899,24,M,Widowed,High,38.78,1,1.0,1.0,2023-12-16,1,Website,1,Churned,<30,5
900,54,F,Widowed,Low,353.54,3,1.0,0.0,2023-03-23,2,Online Banking,0,Not Churned,50-60,2
901,66,M,Married,Medium,517.94,2,0.0,0.0,2023-01-14,12,Website,0,Not Churned,60+,4
902,58,F,Married,Low,1040.2,7,2.0,1.0,2023-09-17,39,Online Banking,0,Not Churned,50-60,0
903,44,M,Married,Low,762.78,4,1.0,0.0,2023-06-22,48,Mobile App,1,Churned,40-50,4
904,48,M,Single,High,1684.39,7,1.0,0.0,2023-11-24,36,Mobile App,0,Not Churned,40-50,1
905,23,M,Married,High,1222.55,8,1.0,1.0,2023-11-27,7,Online Banking,0,Not Churned,<30,4
906,33,F,Widowed,Medium,1235.8,5,0.0,0.0,2023-04-03,38,Website,1,Churned,30-40,2
907,55,M,Single,Low,54.82,1,0.0,0.0,2023-06-07,25,Website,0,Not Churned,50-60,1
908,55,F,Married,Medium,1865.09,9,2.0,1.0,2023-12-06,3,Website,0,Not Churned,50-60,0
909,67,M,Widowed,Low,718.24,3,0.0,0.0,2023-02-02,27,Online Banking,0,Not Churned,60+,5
910,49,F,Single,Medium,797.14,4,0.0,0.0,2023-08-16,24,Online Banking,0,Not Churned,40-50,7
911,50,F,Widowed,Low,1058.9,3,0.0,0.0,2023-02-27,27,Mobile App,0,Not Churned,40-50,2
912,66,F,Married,Medium,1915.01,9,1.0,1.0,2023-07-30,6,Mobile App,0,Not Churned,60+,0
913,34,F,Married,Low,267.44,1,2.0,0.0,2023-09-17,25,Mobile App,0,Not Churned,30-40,0
914,50,F,Single,Low,1722.8,7,2.0,1.0,2023-07-31,43,Website,0,Not Churned,40-50,7
915,28,M,Divorced,High,1786.6,7,0.0,0.0,2023-06-22,31,Online Banking,0,Not Churned,<30,6
916,30,M,Widowed,Low,1176.86,6,0.0,0.0,2023-08-31,44,Mobile App,0,Not Churned,<30,5
917,47,F,Widowed,High,1799.36,8,1.0,0.0,2023-05-10,9,Mobile App,0,Not Churned,40-50,2
918,18,F,Divorced,Medium,1140.8200000000002,4,0.0,0.0,2023-10-11,39,Mobile App,1,Churned,<30,3
919,47,F,Divorced,High,1547.47,7,0.0,0.0,2023-12-14,29,Website,1,Churned,40-50,3
920,44,M,Widowed,Low,2059.02,9,1.0,1.0,2023-10-08,14,Mobile App,0,Not Churned,40-50,5
921,57,F,Single,High,1778.2,6,1.0,1.0,2023-11-05,36,Online Banking,0,Not Churned,50-60,7
922,40,M,Divorced,High,1135.0,3,1.0,1.0,2023-08-10,29,Website,0,Not Churned,30-40,6
923,37,F,Married,Medium,2462.85,9,2.0,2.0,2023-02-10,43,Website,0,Not Churned,30-40,0
924,23,M,Single,High,760.13,2,1.0,1.0,2023-03-25,41,Website,1,Churned,<30,1
925,54,F,Divorced,Medium,1930.41,5,0.0,0.0,2023-01-20,38,Mobile App,1,Churned,50-60,3
926,37,M,Married,Medium,157.62,1,0.0,0.0,2023-05-03,22,Online Banking,1,Churned,30-40,4
927,54,M,Married,High,1462.34,5,0.0,0.0,2023-06-06,12,Mobile App,1,Churned,50-60,4
928,23,F,Widowed,Low,2584.66,8,2.0,1.0,2023-05-21,40,Website,0,Not Churned,<30,2
929,46,F,Single,Medium,358.27,1,0.0,0.0,2023-02-16,49,Online Banking,0,Not Churned,40-50,7
930,30,F,Divorced,High,809.61,2,0.0,0.0,2023-08-10,26,Website,0,Not Churned,<30,3
931,44,F,Married,Medium,1985.28,5,1.0,1.0,2023-03-10,46,Mobile App,0,Not Churned,40-50,0
932,67,M,Widowed,High,350.46,1,1.0,0.0,2023-06-05,28,Online Banking,0,Not Churned,60+,5
933,37,M,Divorced,High,74.06,1,2.0,1.0,2023-04-29,21,Website,0,Not Churned,30-40,6
934,30,M,Married,Low,282.29,1,1.0,0.0,2023-11-14,27,Mobile App,0,Not Churned,<30,4
935,56,M,Widowed,High,939.39,4,2.0,0.0,2023-10-28,33,Website,1,Churned,50-60,5
936,25,M,Married,Medium,2591.57,9,0.0,0.0,2023-07-28,29,Mobile App,0,Not Churned,<30,4
937,34,M,Widowed,Medium,1842.66,7,2.0,1.0,2023-03-30,24,Mobile App,1,Churned,30-40,5
938,47,F,Widowed,Low,695.9300000000001,3,1.0,1.0,2023-06-19,32,Website,0,Not Churned,40-50,2
939,18,M,Single,Medium,394.48,1,0.0,0.0,2023-11-22,6,Website,0,Not Churned,<30,1
940,41,M,Divorced,Low,1536.43,7,2.0,1.0,2023-04-04,27,Mobile App,0,Not Churned,40-50,6
941,33,M,Widowed,High,1440.83,6,0.0,0.0,2023-09-22,16,Website,0,Not Churned,30-40,5
942,28,F,Married,High,1539.42,7,0.0,0.0,2023-06-13,36,Online Banking,0,Not Churned,<30,0
943,21,M,Divorced,High,398.92,2,1.0,0.0,2023-03-19,47,Website,0,Not Churned,<30,6
944,21,F,Divorced,Low,1280.1,5,2.0,1.0,2023-06-04,30,Website,0,Not Churned,<30,3
945,34,M,Divorced,Medium,541.1999999999999,5,0.0,0.0,2023-07-20,15,Website,0,Not Churned,30-40,6
946,66,M,Single,Medium,451.82,3,0.0,0.0,2023-11-13,8,Mobile App,0,Not Churned,60+,1
947,27,F,Widowed,High,589.06,3,1.0,1.0,2023-05-06,31,Website,1,Churned,<30,2
948,38,M,Widowed,Medium,1416.12,5,0.0,0.0,2023-02-12,9,Mobile App,1,Churned,30-40,5
949,55,M,Widowed,Low,956.3,4,0.0,0.0,2023-06-12,42,Online Banking,0,Not Churned,50-60,5
950,66,F,Widowed,Low,1085.17,4,0.0,0.0,2023-04-22,21,Online Banking,0,Not Churned,60+,2
951,35,F,Married,Low,1494.92,7,2.0,1.0,2023-11-08,39,Online Banking,0,Not Churned,30-40,0
952,27,M,Widowed,Low,344.33,1,1.0,1.0,2023-03-20,39,Website,0,Not Churned,<30,5
953,62,M,Divorced,Medium,2580.58,9,2.0,1.0,2023-10-21,43,Website,0,Not Churned,60+,6
954,33,F,Widowed,Low,2009.32,6,0.0,0.0,2023-07-20,20,Online Banking,0,Not Churned,30-40,2
955,56,F,Widowed,Medium,1453.74,6,2.0,1.0,2023-12-08,26,Website,0,Not Churned,50-60,2
956,32,F,Widowed,High,858.04,3,0.0,0.0,2023-10-20,38,Online Banking,0,Not Churned,30-40,2
957,51,F,Widowed,Medium,32.8,1,0.0,0.0,2023-06-01,43,Mobile App,0,Not Churned,50-60,2
958,22,M,Single,Low,972.8,5,1.0,1.0,2023-05-21,14,Online Banking,0,Not Churned,<30,1
959,34,M,Divorced,Medium,285.35,1,0.0,0.0,2023-11-17,48,Online Banking,0,Not Churned,30-40,6
960,54,F,Single,High,1553.52,6,2.0,2.0,2023-02-10,41,Online Banking,0,Not Churned,50-60,7
961,25,M,Divorced,High,964.33,3,2.0,1.0,2023-05-01,21,Mobile App,0,Not Churned,<30,6
962,41,F,Widowed,High,1021.08,4,2.0,2.0,2023-04-04,19,Online Banking,1,Churned,40-50,2
963,45,F,Widowed,Medium,660.3299999999999,3,2.0,0.0,2023-09-17,14,Online Banking,0,Not Churned,40-50,2
964,64,M,Divorced,Low,2348.82,9,2.0,1.0,2023-03-13,9,Online Banking,0,Not Churned,60+,6
965,25,F,Divorced,Low,213.98,1,1.0,1.0,2023-07-11,42,Mobile App,1,Churned,<30,3
966,40,F,Single,Medium,2097.75,7,0.0,0.0,2023-05-16,4,Mobile App,1,Churned,30-40,7
967,52,M,Single,Low,230.71,1,0.0,0.0,2023-04-28,23,Online Banking,0,Not Churned,50-60,1
968,48,M,Married,Low,344.12,2,1.0,0.0,2023-01-17,22,Online Banking,0,Not Churned,40-50,4
969,34,F,Married,Medium,1296.96,4,1.0,1.0,2023-04-25,20,Online Banking,0,Not Churned,30-40,0
970,45,M,Single,High,748.6800000000001,6,2.0,2.0,2023-03-22,19,Website,1,Churned,40-50,1
971,65,M,Married,Low,283.95,2,0.0,0.0,2023-10-17,19,Mobile App,1,Churned,60+,4
972,65,M,Single,High,1105.44,3,0.0,0.0,2023-10-26,23,Mobile App,0,Not Churned,60+,1
973,68,M,Single,Low,56.53,1,0.0,0.0,2023-10-18,31,Website,0,Not Churned,60+,1
974,29,M,Single,High,1789.81,6,0.0,0.0,2023-09-12,46,Mobile App,0,Not Churned,<30,1
975,41,M,Married,High,1892.18,7,0.0,0.0,2023-09-14,19,Mobile App,1,Churned,40-50,4
976,32,F,Divorced,Low,557.62,2,0.0,0.0,2023-02-17,44,Online Banking,0,Not Churned,30-40,3
977,57,M,Widowed,Low,772.3399999999999,3,2.0,0.0,2023-02-08,20,Online Banking,0,Not Churned,50-60,5
978,48,F,Married,Medium,1465.5,7,1.0,1.0,2023-09-14,26,Mobile App,0,Not Churned,40-50,0
979,44,F,Widowed,Low,1711.28,7,1.0,0.0,2023-05-18,6,Website,1,Churned,40-50,2
980,52,F,Widowed,Low,2079.5,8,1.0,1.0,2023-05-04,28,Online Banking,0,Not Churned,50-60,2
981,35,M,Divorced,Medium,285.43,1,0.0,0.0,2023-09-23,41,Website,0,Not Churned,30-40,6
982,53,M,Married,High,913.21,6,1.0,0.0,2023-06-20,4,Mobile App,1,Churned,50-60,4
983,25,F,Widowed,Medium,1395.3000000000002,5,2.0,1.0,2023-05-09,49,Mobile App,0,Not Churned,<30,2
984,63,F,Divorced,High,1127.04,8,1.0,0.0,2023-05-01,44,Website,0,Not Churned,60+,3
985,66,F,Divorced,Medium,1752.58,5,2.0,1.0,2023-03-04,9,Website,0,Not Churned,60+,3
986,55,F,Single,Low,1392.61,7,2.0,0.0,2023-11-08,49,Online Banking,0,Not Churned,50-60,7
987,22,M,Married,Low,1683.65,7,0.0,0.0,2023-06-08,14,Mobile App,1,Churned,<30,4
988,31,F,Widowed,High,2543.12,9,2.0,2.0,2023-02-14,31,Website,0,Not Churned,30-40,2
989,55,M,Divorced,Low,1530.42,7,2.0,2.0,2023-07-26,29,Website,1,Churned,50-60,6
990,37,F,Widowed,High,483.5,1,2.0,1.0,2023-06-07,49,Mobile App,1,Churned,30-40,2
991,61,M,Married,Medium,801.36,3,0.0,0.0,2023-09-17,22,Website,0,Not Churned,60+,4
992,26,M,Single,Low,311.62,1,1.0,1.0,2023-03-26,9,Website,0,Not Churned,<30,1
993,50,F,Widowed,High,81.64,1,0.0,0.0,2023-12-27,11,Website,0,Not Churned,40-50,2
994,35,F,Single,Medium,1801.34,9,2.0,2.0,2023-07-23,25,Mobile App,0,Not Churned,30-40,7
995,23,F,Divorced,Low,1020.0,5,1.0,0.0,2023-07-31,34,Website,1,Churned,<30,3
996,54,F,Single,Low,227.25,1,0.0,0.0,2023-01-29,38,Mobile App,0,Not Churned,50-60,7
997,19,M,Widowed,High,419.82,2,0.0,0.0,2023-04-01,5,Mobile App,0,Not Churned,<30,5
998,47,M,Married,Low,252.15,1,0.0,0.0,2023-07-10,47,Website,0,Not Churned,40-50,4
999,23,M,Widowed,High,2393.26,9,0.0,0.0,2023-01-08,23,Website,0,Not Churned,<30,5
1000,34,M,Widowed,Low,1670.79,6,0.0,0.0,2023-08-13,22,Mobile App,0,Not Churned,30-40,5
